No,自治体,都道府県,種別,種別名,回答年月,出典ファイル,論点タグ,個別ページURL,本文文字数,回答本文
1,三重県,三重県,A,A:照会回答,,【回答】三重県.pdf,会費徴収・委任; 教委指導・是正,https://ptaorg.com/board-responses/01-mie.html,687,"【三重県】 (回答) 「PTA入会に関する法的見解・照会 6 項目」について
PTA適正化推進委員会 御中三重県教育委員会事務局社会教育・文化財保護課です。
9月21日付け「PTA入会に関する法的見解・照会 6 項目」の照会メールにてご質問のあった6 項目について、次のように回答いたします。
なお、本県の回答は令和7年10月10日 (金) 16時50分に発出しておりますが、データ流出防止などの県システムの関係上、到着が数分程度遅れる可能性があります。ご了承ください。
A1 : 本県の県立学校においては、入学に際し、保護者に対して入会案内及び入会書を配付して、入会書を提出していただいた方々をPTA会員としていると認識しているため、ご質問のような事態は想定していません。
A2: 本県の県立学校においては、PTAの経費に係る収納 (収納依頼を含む) に関する事務を、PTAから委任されています。そのため、ご質問のような事態は想定していません。
A3:A1のとおりです。
A4: A1のとおり、本県の県立学校においては、入会書を取得しています。 したがって、入会書を取得していない事例の違法性について、回答する立場にありませんので、回答は控えさせていただきます。
AS: A1からA4までのとおり、本県の県立学校においては、ご質問者が懸念されているような事態は存在しません。したがって、仮定を前提としたご質問には回答できませんが、いずれにせよ違法な事態が存在する場合には、法令にのっとった適法な活動に是正される必要があると考えます。
AB: A5のとおりです。
以上です。"
2,京都府亀岡市,京都府,A,A:照会回答,2025/09/01,【回答】京都府亀岡市.pdf,入会意思確認; みなし加入; 会費徴収・委任; 個人情報・名簿; 教職員関与; 学校施設利用; 教委指導・是正,https://ptaorg.com/board-responses/02-kyoto-kameoka.html,1291,"【⻲岡市回答】PTA入会手続き等の法的見解について照会事項6点
2025年9月1日 9:15
PTA適正化推進委員会 御中
いつもお世話になっております。
標記の件について、下記のとおり回答します。
よろしくお願いいたします。
1. PTAの入会契約の成立要件に関する法的見解について
PTAは社会教育法に規定される社会教育関係団体の一つであり、任意団体であると定義されます。児童生徒の入学を
もって自動的にPTAに入会したとみなす運用は、保護者の明確な申し込みとそれに対するPTAの承認が得られている
とはいえず、従って⺠法第522条及び消費者契約法に基づいた契約関係が成立しているとはいえないと考えます。
2. 学校によるPTA会費の徴収行為が無権代理に該当するかについて
PTA会費の徴収を学校が業務の範囲の中で代理する場合、任意団体であるPTAの会員会費を学校が徴収することに関
して会員の同意と、PTAと学校の間で徴収事務に関する委託契約が締結されていることが必要と考えています。
3. 入会申込書による保護者および教職員の明確な意思確認の必要性について
PTAへの入退会及び、一連の事務手続きに関する個人情報の取り扱い、会費の代理徴収等への同意については、明示
的な意思表示ができる体制が整備されていることが必要と考えます。意思確認が行われていなかったり、十分でない
場合は、教育委員会としてはこれを是正する必要性を認識しており、現在、各校PTAにおいて改善の取り組みを進め
ています。
4. 個人情報保護法に基づく児童名簿‧連絡個票の利用目的逸脱について
取得した個人情報は、個人情報保護法第69条によって利用目的が制限されており、明確なPTA加入意思に基づいた個
人の同意を得ることなく他の目的に用いることは適正な運用とはいえないと考えています。従って、本来、学校が教
育活動のために取得した個人情報をPTA会費徴収等に目的転用する場合、同意を得ることが前提となり、十分に行わ
れていない場合、教育委員会としてはこれを是正する必要性を認識しており、現在、各校及び各校PTAにおいて改善
の取り組みを進めています。
5. PTAの運用に関する教育委員会の是正指導責任について
PTAの活動は学校と密接に連携し、学校教育において大きな役割を果たすものであり、適正な運用が行われているこ
とが不可欠です。教育委員会としては、PTA活動の妥当性、法令順守が図られるために助言や行政的指導を行うこと
が必要と考えています。
6. 任意加入‧法令遵守が確保されるまでの暫定的措置に関する方針について
現在、教育委員会としては、適正な運用が行われている状態の実現に向けて、法令を遵守することを前提とした事務
改善が進められていくことが第一として捉えております。学校施設利用の許可は、施設管理責任者である学校⻑の裁
量によるものですが、PTAの活動が適正に行われていることを前提として、施設利用等のあり方について検討してい
くことは必要と考えています。
⻲岡市教育委員会 社会教育課"
3,京都府京都市,京都府,A,A:照会回答,2025/09/04,【回答】京都府京都市.pdf,入会意思確認; 会費徴収・委任; 個人情報・名簿; 教職員関与; 教委指導・是正,https://ptaorg.com/board-responses/03-kyoto-kyoto.html,1110,"【回答】PTA入会手続き等の法的見解について
2025年8月26日 9:34
PTA適正化推進委員会
京都市教育委員会生涯学習部の[氏名省略]と申します。
貴委員会からの照会について下記のとおり回答いたします。
回答が遅くなり、申し訳ございません。
1.PTAの入会契約の成立要件に関する法的見解について
本市では、PTAの自動加入や強制加入とならないよう、教育委員会から学校園に対して、
PTA入会は任意であることを保護者に説明のうえ、本人から書面で入会届を提出いただく
ことにより加入の意思確認を行うよう学校に依頼しています。
2.学校によるPTA会費の徴収行為が無権代理に該当するかについて
本市でのPTA会費の徴収につきましては、保護者への説明と保護者による手続き(同意)
に基づき、学用品費など他の学校預り金と同様の取扱いとしており、慣例的に児童名簿等を
用いて会費を代行徴収しているケースはございません。本市に生じていない状況に関して見解
を述べることは控えさせていただきます。
3.入会申込書による保護者および教職員の明確な意思確認の必要性について
保護者の明示的な加入意思の確認は必要と考えており、上記回答1の内容のとおり、保護者
に対してPTA入会の意思確認を行うよう学校に依頼しています。
4.個人情報保護法に基づく児童名簿‧連絡個票の利用目的逸脱について
1の回答のとおり、本市では、PTAへの入会に当たっては、入会の意思を示していただく
ようにしています。また、個人情報につきましては、本人から収集することや利用目的を明示
することなど適切に取り扱うよう学校園に依頼しています。
5.PTAの運用に関する教育委員会の是正指導責任について
PTAの運用に関しましては、社会教育法第11条に基づき、社会教育団体の求めに応じて
専門的技術的指導又は助言を行うことが考えられます。また、PTAは、教職員も加入すること
が多いことや学校と連携して活動することから、学校への指導等を通じて、PTAにも働きかけ
を行うことはあり得るものと考えています。
6.任意加入‧法令遵守が確保されるまでの暫定的措置に関する方針について
京都市PTA連絡協議会が実施している「PTAに関する調査」によると、すべての市立学校園
のPTAで入会の意思確認が行われており、上記のとおり個人情報の収集、管理等が適正に行われるよう依頼もして
いるところ、各校園のPTAでは適正な運営が行われていると認識しております。
京都市教育委員会事務局 生涯学習部
担当係⻑(PTA担当) [氏名省略]
[所在地省略]"
4,兵庫県,兵庫県,A,A:照会回答,,【回答】兵庫県.pdf,入会意思確認; 会費徴収・委任; 個人情報・名簿; 教職員関与; 教委指導・是正,https://ptaorg.com/board-responses/04-hyogo.html,1278,"【回答】PTA入会手続き等の法的見解について照会事項 6 点十追加 2 点について
PTA適正化推進委員会 御中兵庫県教育委員会事務局社会教育課でございます。
照会のありました事項につきまして、以下のとおり回答いたします。
(1)PTAの入会契約の成立要件に関する法的見解について保護者の明示的な申込み意思表示とPTAの承諾がないまま、学校側が児童の入学をもって一律に「会員」 とみなす運用については慣例的に行われてきましたが、PTAは任意団体であり、入退会については自由であるため、不適切であると考えます。
(2学校によるPTA会費の徴収行為が無権代理に該当するかについて学校がPTAから会費徴収等の事務処理の委任を受ける場合は、書面による委任状を懲取することが必要であると考えます。
(3)入会申込書による保護者および教職員の明確な意思確認の必要性について書面等による入会届を整備し、入会の意思確認が必要であると考えます。
(4)個人情報保護法に基づく児童名簿・連絡個票の利用目的逸脱について本県では、PTA等の学校関係団体に関する保護者等からの会費徴収及び個人情報等について、
以下のとおり適切に取り扱うよう県立学校に求めています。
1学校関係団体から会費徴収等の事務処理の委任を受ける場合は、必ず書面による委任状を徴取すること
2委任により会費を徴収する場合、学校関係団体において入会の意思確認が行われ、微収方法等について保護者等の同意を得て作成された入会者一覧等を懲取し、確認を行うこと
3学校が取得した個人情報を学校関係団体に提供することは個人情報保護法上の第三者提供にあたるため、本人の同意なしに学校関係団体に名簿を提供しないなど、同法の規定に基づき適正に取り扱うこと
(5)PTAの運用に関する教育委員会の是正指導責任について教育委員会は、所管する学校に対して、県民の誤解を招くことがないようPTAに関する適切な対応を求める必要があると考えます。
(6)任意加入・法令遵守が確保されるまでの暫定的措置に関する方針について所管する学校に対して、県民の誤解を招くことがないようPTAに関する適切な対応を引き続き求め周知徹底に努めるとともに、改善が図られない際には、 今後の対応を適宜検討する必要があると考えます。
(7) 学校とPTAの独立性に関する貴委員会の整理・運用状況教育委員会では、「3 .「職専免」として扱う」と考えます。条件は、「学校の教員がやむを得ず代理徴収事務に従事する場合、としており、兼職従事の申請をすることとしています。
(8) 上記が「1. 関与が全くない」以外の場合の根拠根拠については、以下の条例と規則を回答します。
職員の職務に専念する義務の特例に関する条例 (昭和38年 4月 1日条例第33号)
職務に専念する義務の特例に関する規則 (昭和39年 7月17日人事委員会規則第11号)
兵庫県教育委員会事務局社会教育課兵庫県教育委員会事務局社会教育課
※個人情報保護の観点から、宛先を 1 件ずつ送信しています。"
5,兵庫県宝塚市,兵庫県,A,A:照会回答,,【回答】兵庫県宝塚市.pdf,入会意思確認; みなし加入; 会費徴収・委任; 個人情報・名簿; 教職員関与; 学校施設利用; 教委指導・是正,https://ptaorg.com/board-responses/05-hyogo-takarazuka.html,827,"Re: 【照会】【要回答】PTA入会手続き等の法的見解について照会事項6 点
PTA適正化推進委員会 御中
宝塚市教育委員会社会教育課[氏名省略]と申します。
貴委員会からの照会について下記のとおり回答いたします。
回答が遅くなり、申し訳ございません。
1、PTAの入会契約の成立要件に関する法的見解について
(回答) 慣例的に「みなし入会」方式が存在していることもあるかもしれませんが、あくまで保護者からの正式な申し込みやPTA側の承諾をもって入会が成立するものと考えています。
2、学校によるPTA会費の徴収行為が無権代理に該当するかについて
(回答) 学校側でPTA会費を代行徴収する場合は、民法第113条に基づく無権代理に該当しないよう、代理権をもつ必要があると考えます。
3、入会申込書による保護者および教職員の明確な意思確認の必要性について
(回答) 前述のとおり、入会申込書等における保護者からの正式な意思確認を経て入会が成立するものと考えております。当市では各校PTAにおいて入会申込書を徴収するようになってきていると聞いています。
4、個人情報保護法に基づく児童名簿・連絡個票の利用目的逸脱について
(回答) 個人情報保護法第69条において利用目的は制限されていますので、保護者の意思確認をせずに他の目的に利用することは適切ではないと認識しております。
5、PTAの運用に関する教育委員会の是正指導責任について
(回答) 学校がPTAと一体的に関与し、違法または不適切な運用が見受けられる場合は学校へ是正を求めます。またPTAへは社会教育法第11条に基づいた対応をすることもあると考えます。
6、任意加入・法令遵守が確保されるまでの暫定的措置に関する方針について
(回答) 学校による施設提供や会費徴収への協力については学校長の裁量となります。 教育委員会としても法令を遵守していく必要があると考えます。
以上、宜しくお願いいたします。"
6,兵庫県西宮市,兵庫県,A,A:照会回答,,【回答】兵庫県西宮市.pdf,入会意思確認; みなし加入; 会費徴収・委任; 個人情報・名簿; 教職員関与; 学校施設利用; 教委指導・是正,https://ptaorg.com/board-responses/06-hyogo-nishinomiya.html,1896,"PTA 適正化推進委員会
平素より、市の教育行政にご理解とご支援を賜りありがとうございます。
照会事項につきまして、以下のとおり回答いたします。
【照会事項 1】 学校施設利用許可と条件設定(137 条)*
PTA が学校の場・時間・配布経路を用いて入会勧誘・意思確認・金銭徴収等を行う場合、教育上の支障回避のため
に付すべき標準的条件(例:任意加入の明示、学校経由の配布・回収の抑制または禁止、学校保有情報の不使用、
職員関与範囲の限定)について、教育委員会の方針を示してください。
【回答1】
PTA が任意加入であることの明示や学校保有情報の原則使用禁止、また文書等の配布・回収、職員の関与は業務委
託契約を締結し、その範囲内において行うよう学校に指導するとともに、PTA に対しても啓発・助言しておりま
す。
【照会事項2】 学校による一斉配布・回収の可否と代替手順*
入学説明会・入学式等での一括配布・提出回収は、圧力・混同・目的外利用の懸念があります。学校経由を原則禁
止とするのが相当か、禁止としない場合の最小限の適法条件を明示ください。
【回答2】
入学説明会・入学式等において学校から PTA の入会案内を行うことは適切ではないと考えております。そのため、
PTA の入会説明会等を入学説明会等と同日に行う場合は、両者を明確に区分するよう学校に指導しております。
【照会事項3】 学校の名簿・連絡先の利用可否*
学校保有名簿を学校主体で PTA 入会・会費事務に用いる可否、PTA 側への第三者提供を行う場合の**要件(特定
同意・範囲・撤回手段)**について、統一見解をご教示ください。
【回答3】
学校保有名簿を PTA に提供する等、個人情報の第三者提供は原則禁止としております。
PTA への提供、会費徴収への利用は必ず本人同意を得たうえで行うよう学校に指導しております。
【照会事項4】 学校による会費等の代行徴収の位置付け*
必要最小限関与の場面における法的根拠、契約・会計・校務整理、説明責任、苦情処理の分離等、実務上の必須要
件をご提示ください。
【回答4】
代行徴収による法的根拠については「各学校の単位 PTA と学校長の間で締結された業務委託契約」、「各学校と教
育委員会で取り交わした覚書」及び「西宮市立学校園徴収金及び学校園経由支給金取扱規程」に基づき、保護者よ
り入会の同意を得ていることを確認した上で徴収を行っております。
会計区分は私金として取り扱っており、徴収に関する問い合わせは単位 PTA において対応しております。
法的に瑕疵のない形で事務を実施することは非常に大切であり、今後、より一層注意しながら取り組んでまいりた
いと考えております。
【照会事項5】 「みなし入会」や非会員への金銭選択様式の学校経由運用の評価*
当該様式を学校が配布・収受することを、137 条の支障として禁止または厳格制限とする方針の是非をお示しくだ
さい。
【回答5】
学校が契約の範囲内において文書を配布する場合は、その文書が、教育的配慮の観点から、児童・生徒に対し精神
的悪影響を与え、学校の教育方針に反するものではないか、内容を確認したうえで行うよう学校に指導しておりま
す。
【照会事項6】 是正完了までの暫定措置*
適法な入会手順・情報取扱い・金銭事務が整うまでの間、施設利用許可の見直し、学校経由の配布・回収・徴収の
停止等を講ずることの相当性・運用方法をお示しください。
【回答6】
PTA が不適切な運用等を行っており、是正を求めたにもかかわらず、これが改善されない場合は、施設利用許可
の不許可・取消し、学校経由の配布・回収・徴収の協力停止等を検討する必要があると考えます。
【照会事項7】 教職員の勤務時間内の PTA 関与(公務/職専免・兼職承認)
*勤務時間内の PTA 内部業務について、(A) 校務としての職務命令または**(B)職専免のいずれかを必須とする統
一方針の可否、ならびに兼職・兼業承認(教特法 17 条)**の要否判断基準をお示しください。
【回答7】
PTAと学校との間で締結している業務委託契約において、受託事項に含まれるものであれば、学校で対応するも
のと考えております。そのため、兼職・兼業には該当せず、不要と考えております。
西宮市教育委員会事務局
・地域学校協働課【質問 1.2.3.5.6 を担当】
・学事課【質問 4.6 を担当】
・学校管理課【質問 6 を担当】
・教育職員課【質問 7 を担当】"
7,兵庫県西脇市,兵庫県,A,A:照会回答,2025/09/04,【回答】兵庫県西脇市.pdf,入会意思確認; みなし加入; 会費徴収・委任; 個人情報・名簿; 教職員関与; 学校施設利用; 教委指導・是正,https://ptaorg.com/board-responses/07-hyogo-nishiwaki.html,1796,"【回答】PTA入会手続き等の法的見解について照会事項6点
2025年8月12日 14:41
PTA適正化推進委員会
このたびは、PTAの運営に関する法的問題について、詳細なご照会をいただきありがとうございます。
ご指摘の各点について、本市教育委員会の見解および対応方針を以下の通りご回答いたします。
今後も、PTAがより開かれた、すべての保護者が安心して参加できる団体となるよう、引き続き学校と協力し、保護
者の皆様の声に耳を傾けながら、適切な指導に努めてまいります。
1. PTAの入会契約の成立要件に関する法的見解について
PTAは任意加入の団体であり、保護者個人の自由な意思に基づいて加入するものです。
入会には、保護者の方の明確な申し込みの意思表示と、PTAの承諾が必要です。
ご指摘の、保護者の意思確認をせずに児童‧生徒の入学をもって自動的に会員とする、いわゆる「みなし入会」方
式では、契約が成立しているとは判断できません。
2. 学校によるPTA会費の徴収行為が無権代理に該当するかについて
学校がPTA会費を徴収する行為は、原則としてPTAとの間で代理権に関する契約(委任契約など)を締結した上で
行われるべきものと考えます。
契約関係のない状態で学校が代行徴収を行うことは、法的な問題を生じさせる可能性があると認識しています。
3. 入会申込書による保護者および教職員の明確な意思確認の必要性について
PTAが任意加入の団体である以上、入会手続きにおいては、保護者の方の明確な入会意思を確認することが不可欠
です。書面による入会申込書や同意書は、その意思を確実に確認できる一つの有効な方法ですが、これに限定される
ものではありません。
例えば、新学期当初の保護者会等の場で、PTAの活動内容や会費、入退会は任意である旨を明確に説明し、その場
で口頭による入会意思を確認する方法や、PTAのウェブサイトや専用システムを通じて、入会に関する説明を十分に
行った上で、保護者が自らの意思で入会の意思表示を行う電子フォームを導入する方法も考えられます。ただし、口
頭の場合、確認の記録を適切に残す必要があります。
どのような方法を採用するにしても、重要なのは、保護者の方が入会を強制されていると感じることなく、PTAの
活動内容や入会に伴う会費や役員活動などを十分に理解した上で、自らの自由な意思で入会を選択できるよう配慮す
ることが必要と考えます。
本市としましては、各学校やPTAに対し、地域の実情に応じた柔軟な方法を取り入れつつ、保護者の明確な意思確
認が確実に行われるよう指導してまいります。
4. 個人情報保護法に基づく児童名簿‧連絡個票の利用目的逸脱について
児童‧生徒の個人情報は、学校教育の目的にのみ使用されるべきものです。
保護者の同意なく、PTA会費の徴収といった目的外に利用することは、個人情報保護法に抵触する可能性があると
認識しています。
引き続き、PTAの活動への情報提供に関して、保護者の明確な同意を得るよう学校を指導してまいります。
5. PTAの運用に関する教育委員会の是正指導責任について
ご指摘の通り、地方教育行政法第10条に基づき、教育委員会は所轄する学校に対する管理‧監督義務を負っていま
す。
一方で、PTAは「学校教育法第137条」に基づき、学校の設置者である教育委員会の管理する施設を使用する機会
が認められている任意団体です。
PTA活動は学校教育活動とは区別されるべきものですが、学校施設の使用や教職員が運営に関与している実態を踏
まえると、学校教育に支障をきたす可能性は否定できません。
PTAの運営が学校教育に支障をきたすような不適切な状況にあると判断される場合、その是正について、教育委員
会が学校に指導を行うことは、不当な干渉にはあたらないものと認識しております。
6. 任意加入‧法令遵守が確保されるまでの暫定的措置に関する方針について
PTAの運営に関して、保護者の権利を保護し、法令遵守を確保することは、学校と教育委員会の責務です。
入会手続きや個人情報の取り扱いなど、PTAの運営が適正に行われているかを確認し、必要に応じて学校と連携し
ながら改善を促します。
⻄脇市教育委員会 教育管理部生涯学習課 [氏名省略]"
8,北海道厚岸町,北海道,C,C:教育長・要望回答,,北海道厚岸町.pdf,,https://ptaorg.com/board-responses/08-hokkaido-akkeshi.html,198,"【要望書(回答依頼)】公立学校におけるPTA運営の適正化について
2026年1月14日 11:14
2026年1月15日 5:57
PTA適正化推進委員会 様
標記について「要望なし」で回答します。
<北海道厚岸町教育委員会生涯学習課生涯学習係>
北海道厚岸町教育委員会生涯学習課生涯学習係 [氏名省略]さま
表題につき、当方理解不能にて再度連絡します。
「要望」しているのはこちらですが、???"
9,北海道厚沢部町,北海道,C,C:教育長・要望回答,令和８年１月 14 日,厚沢部町.pdf,入会意思確認; 会費徴収・委任; 個人情報・名簿; 教職員関与; 学校施設利用; 教委指導・是正,https://ptaorg.com/board-responses/09-hokkaido-assabu.html,1056,"教
社
厚
令和8年1月 14 日
PTA 適正化推進委員会 様
厚沢部町教育委員会教育長 [氏名省略]
公立学校における PTA 運営の適正化に関する要望書及び教育委員会としての
対応方針について(回答)
このことにつきまして次のとおり回答します。
記
1 厚沢部町 PTA 等の状況について
厚沢部町では令和3年度に町内全小中学校で PTA を廃止し、「保護者の会」が成立して
います。以下の回答は「保護者の会」にかかる内容であることをご承知ください。
2 教育委員会としての対応方針
(1)適切な意思確認のための指導・通知
ア 要望
学校において、PTA 入会が任意であることが明確に説明され、保護者の意思確認が
適切な形で行われるよう、必要な指導または通知を行うこと
イ 回答
当町内小中学校において、入学後に保護者の会について説明が行われ、その中で
意思確認が行われています。また、学校の関与がなく、特段の説明を学校として行
っていない場合もあります。
(2)会費徴収への学校関与
ア 要望
学校による PTA 会費の徴収・集金への関与について、その可否および取扱いを整理
し、学校現場において誤解が生じないよう運用の明確化を図ること
イ 回答
保護者の会の会費を学校経由で徴収している学校と、学校が関与しないため、会
費徴収を行っていない学校が混在しています。学校経由で徴収している場合には、
教材費との区分の明確化を図ること、将来的には保護者の会の自主的な徴収となる
よう指導してまいります。
(3)個人情報の取り扱い
ア 要望
学校が保有する児童・保護者に関する個人情報の取扱いについて、PTA との関係も
含めて整理し、適正な管理が確保されるよう周知すること
イ 回答
当町においては学校から保護者の会への個人情報の提供は行われていません。
(4)教職員の PTA 活動への関与
ア 要望
教職員の PTA 活動への関与について、職務との区別が明確になるよう整理を行い、
学校現場に過度な負担や誤解が生じないよう配慮することについて
イ 回答
教職員の保護者の会活動への関与は、保護者が企画した事業への任意の参加によ
るもので、職務との区別は明確です。学校を利用した活動の場合、教職員が立ち会
うことがありますが、学校施設管理の一環であり、職務中に保護者の会の活動に関
わることはありません。
3 担当等 その他詳細については下記担当へお問い合わせください。
厚沢部町教育委員会事務局社会教育係"
10,千葉県鎌ケ谷市,千葉県,A,A:照会回答,,【回答】千葉県鎌ケ谷市.pdf,入会意思確認; 会費徴収・委任; 個人情報・名簿; 教職員関与; 学校施設利用; 教委指導・是正,https://ptaorg.com/board-responses/10-chiba-kamagaya.html,856,"PTA適正化委員会
標記の件について回答いたします。よろしくお願い申し上げます。
1 PTAの入会契約の成立要件に関する法的見解について
市教委を始め市内の学校において、PTAは任意加入する任意団体であるということを踏まえ、入
学説明会で書面又は口頭でその旨通達するよう指導しております。保護者とPTAとの相互の承諾に
より入会に関する要件が成立するものと考えます。
2 学校によるPTA会費の徴収行為が無権代理に該当するかについて
PTAから正式な代理権を受けない場合は無権代理に該当するものと考えます。
3 入会申込書による保護者および教職員の明確な意思確認の必要性について
入会(契約)においては、申込書や同意書は必要であると考えます。その周知の徹底を図っており、
教育委員会として、各校に継続して明確に意思確認をとることを指導しているところです。
4 個人情報保護法に基づく児童名簿・連絡個票の利用目的逸脱について
児童名簿や連絡個票の利用については、個人情報保護法に基づき許可を得ずして利活用はできない
ことを指導しており、その徹底に努めております。個人情報の適正な管理、取扱いについて継続して
指導してまいります。
5 PTAの運用に関する教育委員会の是正的指導責任について
本市においてPTA活動が学校とPTAの相互理解のもと、学校教育上で大きな役割を果たしてお
り、不適切な運用がないよう、教育委員会として情報や課題の共有を行っています。不適切な運用の
場合は、教育委員会による指導を行う責任もあると考えます。
6 任意加入・法令遵守が確保されるまでの暫定的措置に関する方針について
法令違反と認められる場合は、法令遵守を学校に指導し、是正を速やかに求めることを第一としま
す。指導後も法令違反が継続する場合には、施設提供や会費徴収への協力を停止する措置を前提とし
て指導を行うこともあるため、法的にも問題なく、よりよい関係であり続けるよう指導していきます。
鎌ケ谷市教育委員会 学校教育課指導室"
11,千葉県鴨川市,千葉県,A,A:照会回答,,【回答】千葉県鴨川市.pdf,入会意思確認; みなし加入; 会費徴収・委任; 個人情報・名簿; 教職員関与; 学校施設利用; 教委指導・是正,https://ptaorg.com/board-responses/11-chiba-kamogawa.html,838,"PTA入会手続き等の法的見解に係る照会事項6 点について (EIS)
PTA適正化推進委員会 御中
PTA入会手続き等の法的見解に係る照会事項 6 点について (回答)
令和7年8月 4日付けで照会のあった標記の件につきまして、下記のとおり回答いたします。
記
1 PTAの入会契約の成立要件に関する法的見解について昨年度より、入会には、申込書による同意を求めるよう指導してきました。
しかし、全校で書面による同意確認が取れていない状況です。
「みなし入会」方式については、民法第522条および消費者契約法に照らし、契約が成立しているか疑義があると考えておりますので引き続き、指導して参ります。
2 学校によるPTA会費の徴収行為が無権代理に該当するかについて本年度、会費の徴収につきましては、PTA会長名で周知しております。
しかし、徴収業務につきましては、正式な準委任契約を結ぶまではいたっておりません。
正式な委任を受けて実施すべきと考えておりますので、指導していきます。
3 会申込書による保護者および教職員の明確な意思確認の必要性について
1 にも記載のありますとおり、疑義があると考えておりますので、是正に向けて指導して参ります。
4 個人情報保護法に基づく児童名河・連絡個杜の利用目的逸脱について学校が本人の同意なしに児童名簿・連絡個票記載の情報を利用して代理徴収を行うことは、個人情報保護法に違反するおそれがあると認識しています。
学校で使用している名簿等の違法利用がないよう、また、個人情報を適性に管理し、扱うことなどを指導していきます。
5 PTAの運用に関する教育委員会の是正指導責任について会費徴収や施設使用について不適切な運用が無いよう、教育委員会が是正指導を行っていきたいと考えております。
6 任意加入・法令遵守が確保されるまでの暫定的措置に関する方針について法令違反の状態であると懸される場合は、教育委員会として、是正するよう指導していきます。"
12,埼玉県三郷市,埼玉県,A,A:照会回答,,【回答】三郷市.pdf,入会意思確認; みなし加入; 会費徴収・委任; 個人情報・名簿; 教職員関与; 学校施設利用; 教委指導・是正,https://ptaorg.com/board-responses/12-saitama-misato.html,1845,"PTA 入会手続き等の法的見解について照会事項6点に対する回答
別紙
三郷市教育委員会生涯学習課
1. PTA の入会契約の成立要件に関する法的見解について
保護者の明示的な申込み意思表示と PTA の承諾がないまま、学校側が児童の入学をもって一律に「会
員」とみなす運用が多くの学校で行われています。このような「みなし入会」方式について、民法第 522
条および消費者契約法に照らし、契約が成立していると判断される法的根拠があるか、教育委員会として
の見解をお示しください。
【回答】
任意加入であることの説明がなされ、入会の意思の確認がされることが適切と考えます。なお、教育委
員会からは市内小中学校に対し PTA が任意加入であることを保護者に周知することについて情報提供し
ております。
2. 学校による PTA 会費の徴収行為が無権代理に該当するかについて
学校が PTA との間で PTA 会費の徴収業務に関する準委任契約を結ばずに、慣例的に児童名簿等を用い
て会費を代行徴収しているケースがあります。学校が正式な代理権を持たずに PTA の業務を代行してい
る場合、民法第 113 条に基づく無権代理に該当すると考えられますが、教育委員会はこの点をどのように
評価していますか。
【回答】
学校が PTA 会費を集める場合は PTA との間で委任等があることが適切と考えます。なお、教育委員会か
らは市内小中学校に対し会費の徴収方法等を事前に周知することについて情報提供しております。
3. 入会申込書による保護者および教職員の明確な意思確認の必要性について
PTA が任意加入団体である以上、契約の成立には個別の申込書や同意書による明示的な加入意思の確認
が必要と考えられます。現在多くの学校で申込書を徴収していない状況について、教育委員会として是正
の必要性を認識されていますか。
【回答】
PTA への加入が任意であることの説明及び加入に係る意思表示の確認がなされることが適切と考えま
す。
4. 個人情報保護法に基づく児童名簿・連絡個票の利用目的逸脱について
PTA が入会申込書を取得しておらず、申し込んだ保護者・教職員が誰であるかを特定・管理していない
状態で、学校が児童名簿や連絡個票を用いて PTA 会費の徴収等を行っている実態が、多くの学校で確認さ
れています。これらの名簿情報は、本来、入学手続きや教育活動のために学校が収集したものであり、保
護者の同意なく PTA という外部団体の金銭徴収業務に転用することは、個人情報保護法第 69 条(利用目
的の制限)に違反するおそれがあります。加えて、PTA 自身が会員の氏名を把握していない状態で、学校
が本人同意なしに代理徴収的な行為をしていることは、情報主体(保護者)の権利を大きく侵害する状況
であると考えます。貴教育委員会として、このような運用の違法性または法令抵触の可能性に対する認識、
および是正の必要性や今後の対応方針について、どのようにお考えでしょうか。明確なご所見をお示しく
ださい。
【回答】
学校の保有する児童生徒の名簿情報を活用する場合は、事前の同意を得る必要がありますが、教育委員
会から市内各小中学校に対し、学校が知り得た個人情報を保護者の了解なしに PTA の加入や会費の徴収
に用いることは目的外使用であることについて情報提供しております。
5. PTA の運用に関する教育委員会の是正指導責任について
学校が PTA と一体的に関与し、会費徴収や施設使用を支援している実態を踏まえれば、PTA の違法また
は不適切な運用が学校教育の一環と認定される可能性があります。地方教育行政法第 10 条に基づき、教
育委員会が是正指導を行う責任があるとお考えでしょうか。
【回答】
適切な PTA 活動のために、必要に応じて専門的技術的指導又は助言を行うべきと考えます。
6. 任意加入・法令遵守が確保されるまでの暫定的措置に関する方針について
PTA が保護者の意思確認を適切に行わず、会員名簿すら把握しないまま会費徴収や施設利用を継続して
いる状態は、法令違反の懸念が濃厚です。教育委員会として、是正がなされるまでの間、学校による施設
提供や会費徴収への協力を停止する措置を講じる予定はありますか。
【回答】
現状ありませんが、適正な運営が行われるよう指導及び助言をしてまいります。"
13,埼玉県川口市,埼玉県,A,A:照会回答,2025/09/04,【回答】埼玉県川口市.pdf,入会意思確認; みなし加入; 会費徴収・委任; 個人情報・名簿; 学校施設利用; 教委指導・是正,https://ptaorg.com/board-responses/13-saitama-kawaguchi.html,1015,"御担当者様
日頃から市政にご理解を賜り、厚くお礼申し上げます。
また、この度はご意見をいただきありがとうございます。
【4.照会事項 7点】について、回答いたします。
2025年8月8日 9:00
【回答】
1 みなし入会や抱き合わせ徴収が⺠法、消費者契約法、個人情報保護法に違反する可能性について、どのように評価
されますか。
→PTAは任意加入団体のため、入会や会費の支払い、個人情報の取扱いの方法について、対象となるご家庭の意思
が十分に反映されていなかったり、適正に取り扱われていなかったりする場合、法令に違反する可能性があると考え
ます。
2 これらの運用が学校教育法第137条の「学校教育上の支障」に該当する可能性について、どのように判断されます
か。
→PTAが学校施設等を利用して会員の募集、会費の集金等を行う際、学校とその方法について十分調整せずに行っ
た場合、教育上の支障にあたる可能性があると考えます。
3 学校とPTAの密接な関与性(施設利用、会費徴収代行、公文書管理等)を踏まえ、教育委員会がPTAの不適切な運
用を是正する指導を行う責任があると考えますか。
→PTAの求めに応じ、専門的技術的指導又は助言をするべきと考えます。
4 社会教育法第12条を根拠に指導を回避することが、地方教育行政法第10条の監督義務に適合するかどうか、どの
ようにお考えですか。
→PTAは公の支配に属さない社会教育関係団体の1つであると考えます。
5 PTAの任意加入性を明確化し、明示的な入会申込書を導入するよう学校に指導する予定はありますか。
→市内の全校⻑が参加する会議の場で、PTAの加入は任意である旨周知しております。今後についても検討してお
ります。
6 個人情報の適正な取り扱いや無権代理行為の排除を含め、PTAの運用を法令遵守とするための学校への具体的な指
導方針をどのように検討されていますか。
→「より良いPTA活動にするための参考事例集(https://www.pref.saitama.lg.jp/f2215/ptazirei.html)等を活用し、
周知、指導しております。
7 PTAの運営が法令遵守されるまで、PTAへの施設利用許可や会費徴収協力を停止する指導を行う予定はあります
か。
→ありません。
以上、ご理解の程お願い申し上げます。
令和7年8月8日
川口市教育委員会
問い合わせ先"
14,埼玉県東秩父村,埼玉県,A,A:照会回答,,【回答】埼玉県東秩父村.pdf,入会意思確認; みなし加入; 会費徴収・委任; 個人情報・名簿; 教職員関与; 学校施設利用; 教委指導・是正,https://ptaorg.com/board-responses/14-saitama-higashichichibu.html,1947,"照会事項(全 6 項目) 東秩父村教育委員会回答
1. PTA の入会契約の成立要件に関する法的見解について
保護者の明示的な申込み意思表示と PTA の承諾がないまま、学校側が児童の
入学をもって一律に「会員」とみなす運用が多くの学校で行われています。この
ような「みなし入会」方式について、民法第 522 条および消費者契約法に照ら
し、契約が成立していると判断される法的根拠があるか、教育委員会としての見
解をお示しください。
→PTA は任意加入の団体であり、入会においては、学校児童の保護者の自由意思に基
づくものと思います。そのため、「みなし入会」は、民法522条における保護者の入
会の意思がない場合は、成立しないと想定されます。
2. 学校による PTA 会費の徴収行為が無権代理に該当するかについて
学校が PTA との間で PTA 会費の徴収業務に関する準委任契約を結ばずに、
慣例的に児童名簿等を用いて会費を代行徴収しているケースがあります。学校
が正式な代理権を持たずに PTA の業務を代行している場合、民法第 113 条に基
づく無権代理に該当すると考えられますが、教育委員会はこの点をどのように
評価していますか。
→学校と PTA の両者で、明確な委任関係がないとするならば、学校が PTA 会費を徴収
する事は、無権代理に該当すると想定されます。そのような場合は、是正する必要があ
ると考えます。
3. 入会申込書による保護者および教職員の明確な意思確認の必要性について
PTA が任意加入団体である以上、契約の成立には個別の申込書や同意書によ
る明示的な加入意思の確認が必要と考えられます。現在多くの学校で申込書を
徴収していない状況について、教育委員会として是正の必要性を認識されてい
ますか。
→加入に対する申込書および同意書を徴収していない状況は、是正の必要性があると認
識しています。今後、是正の必要性を団体等に伝え、指導いたします。
4. 個人情報保護法に基づく児童名簿・連絡個票の利用目的逸脱について
PTA が入会申込書を取得しておらず、申し込んだ保護者・教職員が誰である
かを特定・管理していない状態で、学校が児童名簿や連絡個票を用いて PTA 会
費の徴収等を行っている実態が、多くの学校で確認されています。これらの名簿
情報は、本来、入学手続きや教育活動のために学校が収集したものであり、保護
者の同意なく PTA という外部団体の金銭徴収業務に転用することは、個人情報
保護法第 69 条(利用目的の制限)に違反するおそれがあります。加えて、PTA
自身が会員の氏名を把握していない状態で、学校が本人同意なしに代理徴収的
な行為をしていることは、情報主体(保護者)の権利を大きく侵害する状況であ
ると考えます。貴教育委員会として、このような運用の違法性または法令抵触の
可能性に対する認識、および是正の必要性や今後の対応方針について、どのよう
にお考えでしょうか。明確なご所見をお示しください。
→児童名簿等を PTA の会費徴収等に転用することは、「あらかじめ特定した利用目的達
成に必要な範囲」と言い切れないため、個人情報保護法69条にある利用制限に照らす
と適切ではないと考えられますので、保護者の許可なしに使用しないよう各学校へ指導
するよう努めてまいります。
5. PTA の運用に関する教育委員会の是正指導責任について
学校が PTA と一体的に関与し、会費徴収や施設使用を支援している実態を踏
まえれば、PTA の違法または不適切な運用が学校教育の一環と認定される可能
性があります。地方教育行政法第23条に基づき、教育委員会が是正指導を行う
責任があるとお考えでしょうか。
→PTA 自体は任意団体であり、地域などの自発的な組織と考えられるため、一般的に
教育委員会の所管対象外と思われますが、学校が過剰に関与している部分においては、
地方教育行政法第23条に基づき、指導等行う必要があると考えます。
6. 任意加入・法令遵守が確保されるまでの暫定的措置に関する方針について
PTA が保護者の意思確認を適切に行わず、会員名簿すら把握しないまま会費
徴収や施設利用を継続している状態は、法令違反の懸念が濃厚です。教育委員会
として、是正がなされるまでの間、学校による施設提供や会費徴収への協力を停
止する措置を講じる予定はありますか。
→学校が関与する以上、法令遵守は前提だと考えます。教育委員会として、徴収代行や
施設提供の支援を明確に行っている場合は、停止する措置を講じることを伝え、是正に
向けた指導を検討します。"
15,埼玉県白岡市,埼玉県,A,A:照会回答,2025/09/04,【回答】埼玉県白岡市.pdf,入会意思確認; みなし加入; 会費徴収・委任; 個人情報・名簿; 教職員関与; 学校施設利用; 教委指導・是正,https://ptaorg.com/board-responses/15-saitama-shiraoka.html,1924,"【白岡‧回答】PTA入会手続き等の法的見解について照会事項6点
2025年8月4日 16:47
PTA適正化推進委員会
平素よりお世話になっております。
標記の件につきまして、以下のように回答します。
1.PTAの入会契約の成立要件に関する法的見解について
保護者の明示的な申込み意思表示とPTAの承諾がないまま、学校側が児童の入学をもって一律に「会
員」とみなす運用が多くの学校で行われています。このような「みなし入会」方式について、⺠法第
522条および消費者契約法に照らし、契約が成立していると判断される法的根拠があるか、教育委員会
としての見解をお示しください。
⇒本市では、PTAが任意団体であること、入退会は本人の意思に基づくものであることを周知するよう
各校へ通知しております。
2.学校によるPTA会費の徴収行為が無権代理に該当するかについて
学校がPTAとの間でPTA会費の徴収業務に関する準委任契約を結ばずに、慣例的に児童名簿等を用いて
会費を代行徴収しているケースがあります。学校が正式な代理権を持たずにPTAの業務を代行している
場合、⺠法第113条に基づく無権代理に該当すると考えられますが、教育委員会はこの点をどのように
評価していますか。
⇒入会時において、会費額や会費の主な使途、徴収方法等、PTA会費について、十分に説明すること
が大切です。特に、徴収方法については、徴収方法については、 「PTA会費 は校納金ではないが、
PTA からの依頼により、保護者の利便性と負担軽減を図るため、校納金と同時に徴収されているこ
と」を明確にしておく必要があります。入会時の説明において、このような点に留意して説明するよう
伝えてあります。
3.入会申込書による保護者および教職員の明確な意思確認の必要性について
PTAが任意加入団体である以上、契約の成立には個別の申込書や同意書による明示的な加入意思の確認
が必要と考えられます。現在多くの学校で申込書を徴収していない状況について、教育委員会として是
正の必要性を認識されていますか。
⇒市内すべての学校で「入会申込書」の提出をしております。
4.個人情報保護法に基づく児童名簿‧連絡個票の利用目的逸脱について
PTAが入会申込書を取得しておらず、申し込んだ保護者‧教職員が誰であるかを特定‧管理していない
状態で、学校が児童名簿や連絡個票を用いてPTA会費の徴収等を行っている実態が、多くの学校で確認
されています。これらの名簿情報は、本来、入学手続きや教育活動のために学校が収集したものであ
り、保護者の同意なくPTAという外部団体の金銭徴収業務に転用することは、個人情報保護法第69条
(利用目的の制限)に違反するおそれがあります。加えて、PTA自身が会員の氏名を把握していない状
態で、学校が本人同意なしに代理徴収的な行為をしていることは、情報主体(保護者)の権利を大きく
侵害する状況であると考えます。貴教育委員会として、このような運用の違法性または法令抵触の可能
性に対する認識、および是正の必要性や今後の対応方針について、どのようにお考えでしょうか。明確
なご所見をお示しください。
⇒PTAは、児童生徒等の個人情報が必要な場合、保護者 (PTA 会員 に直接、その情報の提供を依
頼し、名簿等を作成できる立場にあることから、「学校から PTA に個人情報を提供しない」ことを原
則としております。
5.PTAの運用に関する教育委員会の是正指導責任について
学校がPTAと一体的に関与し、会費徴収や施設使用を支援している実態を踏まえれば、PTAの違法また
は不適切な運用が学校教育の一環と認定される可能性があります。地方教育行政法第10条に基づき、教
育委員会が是正指導を行う責任があるとお考えでしょうか。
⇒PTAは学校の最大の応援団であり、学校のよきパートナーです 。その活動は、子どもたちの健全育
成のために、大きな役割を果たしています。学校‧家庭‧地域連携の要としても重要な団体であると認
識しています。
6.任意加入‧法令遵守が確保されるまでの暫定的措置に関する方針について
PTAが保護者の意思確認を適切に行わず、会員名簿すら把握しないまま会費徴収や施設利用を継続して
いる状態は、法令違反の懸念が濃厚です。教育委員会として、是正がなされるまでの間、学校による施
設提供や会費徴収への協力を停止する措置を講じる予定はありますか。
⇒ありません。
どうぞよろしくお願いいたします。
令和7年8月4日(月)
白岡市教育委員会
教育指導課 [氏名省略]"
16,埼玉県越谷市,埼玉県,A,A:照会回答,,【回答】越谷市.pdf,入会意思確認; みなし加入; 会費徴収・委任; 個人情報・名簿; 教職員関与; 学校施設利用; 教委指導・是正,https://ptaorg.com/board-responses/16-saitama-koshigaya.html,1998,"1. PTA の入会契約の成立要件に関する法的見解について
保護者の明示的な申込み意思表示と PTA の承諾がないまま、学校側が児童の入学をもって
一律に「会員」とみなす運用が多くの学校で行われています。このような「みなし入会」
方式について、民法第 522 条および消費者契約法に照らし、契約が成立していると判断さ
れる法的根拠があるか、教育委員会としての見解をお示しください。
(回答)
様々なケースが想定されるため、一概には判断できないが、PTA への加入は任意であ
り、保護者の意思表示がないまま PTA に入会することは、法的トラブルに繋がる可能性
があると認識しています。
2. 学校による PTA 会費の徴収行為が無権代理に該当するかについて
学校が PTA との間で PTA 会費の徴収業務に関する準委任契約を結ばずに、慣例的に児童名
簿等を用いて会費を代行徴収しているケースがあります。学校が正式な代理権を持たずに
PTA の業務を代行している場合、民法第 113 条に基づく無権代理に該当すると考えられま
すが、教育委員会はこの点をどのように評価していますか。
(回答)
依頼や承諾も全くない中で、PTA の意向に反し、学校が会費徴収を勝手にしているケ
ースは考え難いですが、仮に、学校が PTA 会費を代理徴収しようとしている場合、学校
は PTA から代理徴収に係る権限をいずれかの方法により与えられている必要があると認
識しております。
3. 入会申込書による保護者および教職員の明確な意思確認の必要性について
PTA が任意加入団体である以上、契約の成立には個別の申込書や同意書による明示的な加
入意思の確認が必要と考えられます。現在多くの学校で申込書を徴収していない状況につ
いて、教育委員会として是正の必要性を認識されていますか。
(回答)
PTA への入会は任意であるという説明およびいずれかの方法による加入意思確認が必
要であると考えます。
4. 個人情報保護法に基づく児童名簿・連絡個票の利用目的逸脱について
PTA が入会申込書を取得しておらず、申し込んだ保護者・教職員が誰であるかを特定・管
理していない状態で、学校が児童名簿や連絡個票を用いて PTA 会費の徴収等を行っている
実態が、多くの学校で確認されています。これらの名簿情報は、本来、入学手続きや教育
活動のために学校が収集したものであり、保護者の同意なく PTA という外部団体の金銭徴
収業務に転用することは、個人情報保護法第 69 条(利用目的の制限)に違反するおそれが
あります。加えて、PTA 自身が会員の氏名を把握していない状態で、学校が本人同意なし
に代理徴収的な行為をしていることは、情報主体(保護者)の権利を大きく侵害する状況
であると考えます。貴教育委員会として、このような運用の違法性または法令抵触の可能
性に対する認識、および是正の必要性や今後の対応方針について、どのようにお考えでし
ょうか。明確なご所見をお示しください。
(回答)
保護者の同意がないまま、学校が児童名簿等を PTA 会費の徴収業務に利用すること
は、個人情報の目的外利用にあたる可能性があると認識しております。利用にあたって
は、いずれかの方法で保護者からの同意を得るなどの対応が必要であると考えます。
また、本市では埼玉県作成の「より良いPTA活動にするための参考事例」を配布
し、個人情報の取り扱いについて周知しています。
5. PTA の運用に関する教育委員会の是正指導責任について
学校が PTA と一体的に関与し、会費徴収や施設使用を支援している実態を踏まえれば、PTA
の違法または不適切な運用が学校教育の一環と認定される可能性があります。学校教育法
137 条に基づき、教育委員会が是正指導を行う責任があるとお考えでしょうか。
(回答)
PTAは社会教育関係団体であり、その運営について違法または不適切な運用等があ
る場合には、教育委員会として学校を通じたPTAへの指摘・助言を行う必要性が生じ
る可能性があると認識しております。
6. 任意加入・法令遵守が確保されるまでの暫定的措置に関する方針について
PTA が保護者の意思確認を適切に行わず、会員名簿すら把握しないまま会費徴収や施設利
用を継続している状態は、法令違反の懸念が濃厚です。教育委員会として、是正がなされ
るまでの間、学校による施設提供や会費徴収への協力を停止する措置を講じる予定はあり
ますか。
(回答)
施設利用の許可は校長に委任をしておりますが、社会教育法における学校の管理機関
は教育委員会であることから、会費徴収等で法令違反が懸念される場合には、教育委員
会が施設利用を認めない措置も必要と考えております。"
17,大分県,大分県,A,A:照会回答,,【回答】大分県.pdf,入会意思確認; 会費徴収・委任; 個人情報・名簿; 教職員関与; 教委指導・是正,https://ptaorg.com/board-responses/17-oita.html,1148,"回答 :【ご回答のお願い (再送一斉送信)】PTA入会に関する法的見解・照会 6 項目
【大分県からのメールはBCCでお送りしております】
PTA適正化推進委員会 御中令和年 8月14日付けで貴団体から照会のあった事項について、下記のとおり回答します。
大分県教育店社会教育課記
(1) PTAの入会契約の成立要件に関する法的見解について
(回答)
PTA団体組織への入会に当たっては、保護者の明示的な申込みの意思表示及びその意思表示に対する当該団体の承諾が必要なものと考えます。
(2) 学校によるPTA会費の徴収行為が無権代理に該当するかについて
(回答)
例示のあった状況において、学校がPTA会費の徴収を代行している場合は、無権代理に該当し、適正ではないものと考えます。
(3) 入会申込書による保護者および教職員の明確な意思確認の必要性について
(回答)
PTA団体組織への加入に当たり、申込書や同意書による明示的な意思確認を行うことが適切と認識しています。
したがって、現状、それが行われていない団体に対しては、是正の必要性を伝えるべきと考えます。
(4) 個人情報保護法に基づく児童名簿・連絡個票の利用目的逸脱について
(BIS)
FRAO COM LEABEERBICOUT. REBORMBE< PTA等任意団体に提供する行為は、個人情報保護法 (平成15年法律第57号) に抵触するものと考えます。したがって、そのような行為をいまだに行っている学校があれば、速やかに是正すべきと考えます。
なお、当県においては、学校における児童生徒等の個人情報の適正な取扱いについて、所管する全ての県立学校の校長に対して、適宜、指導を行い、事例に挙げられたような状況が生じないよう徹底を図っています。
(5) PTAの運用に関する教育委員会の是正指導責任について
(回答)
PTA団体組織については、社会教育法 (昭和24年法律第207号) 第10条の規定により「社会教育関係団体」に該当するものであることから、同法第12条に規定する「不当に統制的支配を及ぼし、又はその事業に千渉を加えてはならない」に抵触しない限りにおいて、地方教育行政の組織及び運営に関する法律 (昭和31年法律第162号) 第21条第
12号の規定にのっとり教育委員会が管理する権限を有すると解されます。したがって、当該団体において違法ないし不適切な運用が確認された場合には、当然に教育委員会が是正・指導を行うべきものと考えます。
(6) 任意加入・法令遵守が確保されるまでの暫定的措置に関する方針について
(回答)
例示の状況が確認された場合は、法令にのっとった適正な形式の運営となるよう指導を行うべきものと考えます。"
18,大阪市,大阪府,A,A:照会回答,2025/09/04,【回答】大阪市.pdf,入会意思確認; みなし加入; 会費徴収・委任; 個人情報・名簿; 学校施設利用; 教委指導・是正,https://ptaorg.com/board-responses/18-osaka-osaka.html,936,"【大阪市教育委員会】PTA入会手続き等の法的見解について照会事項6点
2025年8月20日 17:33
PTA適正化推進委員会 横浜本部
平素は、大阪市教育行政にご理解とご協力を賜り、ありがとうございます。
早速ですが、お問い合わせいただきました件につきましてお答えいたします。
中で、「PTA活動については、新入学児童生徒の保護者等に対して、趣旨や現状を説明するだけではなく、入学式
以前、あるいは当日にPTA規約などの資料を配布するなど、PTAへの理解を図ることが原則」とし、「会員とし
ての自覚や連帯感を高めるためにも、保護者からの同意を得た上で、入会申込書を提出してもらうことが原則」であ
る旨記載しております。現状、令和5年度調査において、450団体のうち、回答にご協力いただいた436団体すべてに
おいて、説明会ないし書面で入会についての趣旨を説明していると聞いております。また、加入の意思のない方につ
きましては、その旨の旨希望をお聞きしているとも聞いております。よって、現状、法的違法性があるとまでは言え
ないものと考えています。
2 PTA会費の徴収事務は、口座振替等で一括して対応しており、学校徴収金に準じた対応で取り扱っております。
3 令和5年度調査において、450団体のうち、回答に協力いただいた205団体において入会申込書をとっていると聞
いております。
4 個人情報の取り扱いにつきましては、個人にとって不利益にならないように配慮し、使用目的を明確にしたうえ
で、本人の同意を得て、必要最小限の情報のみを収集する旨、周知に努めております。
5 PTAが任意団体である以上、教育委員会が直接是正指導を行うまではできないと考えておりますが、引き続き、
施設管理者である学校⻑を通じて適切なあり方について周知に努めてまいります。
6 明らかな法令違反が認められる場合は、施設管理者である学校⻑と連携し、適切に対応してまいります。
いずれにいたしましても、様々な機会をとらまえ、学校⻑を通じ、すべての団体において入会申込書を取るよう、引
き続き周知に努めてまいります。
どうぞよろしくお願い申し上げます。
【本件に関するご質問‧お問合わせは下記まで】"
19,大阪府堺市,大阪府,A,A:照会回答,2025/09/04,【回答】大阪市堺市.pdf,教職員関与; 教委指導・是正,https://ptaorg.com/board-responses/19-osaka-sakai.html,541,"(堺市教育委員会)PTA入会手続き等の法的見解について照会事項6点への対応状況に
ついて
2025年8月15日 17:32
PTA適正化推進委員会
堺市教育委員会 地域教育振興課です。
市内公立学校におけるPTA(保護者と教職員による会)の入会手続きに関する法的問題と、
それに対する教育委員会の見解および対応方針についての照会につきまして、
その内容を確認しまして、各学校園への現状確認を行ったうえでの回答が必要であると考えています。
現在、学校閉庁日の期間と重なっていることもあり、学校閉庁日後に各学校園への現状確認を行い、回答したいと
考えています。
このため、2週間を目途とした回答ができず、誠に申し訳ございません。
回答が遅くなりますことをご容赦ください。
堺市教育委員会事務局 地域教育支援部 地域教育振興課
2025年8月16日 12:33
堺市教育委員会事務局 地域教育支援部 地域教育振興課 [氏名省略]
ご連絡ありがとうございます。
学校閉庁日後に各学校園への現状確認を行い、回答いただけるとの事、確認いたしました。
御市と近隣の「大阪市」のPTAの状況を情報提供いたします。
どうぞ、ご査収くださいませ。
【情報提供】大阪市 令和5年度版 PTA活動状況調査書"
20,大阪府大阪市,大阪府,A,A:照会回答,2025/09/05,【回答】大阪府大阪市.pdf,入会意思確認; 会費徴収・委任; 個人情報・名簿,https://ptaorg.com/board-responses/20-osaka-osaka.html,907,"【大阪市教育委員会】【お問い合わせ】への回答
2025年9月5日 18:06
PTA適正化推進委員会 横浜本部
平素は、大阪市教育行政にご理解とご協力を賜り、ありがとうございます。
お問い合わせいただきました件につきましてお答えいたします。
しており、その中で、「PTA活動については、新入学児童生徒の保護者等に対して、
趣旨や現状を説明するだけではなく、入学式以前、あるいは当日にPTA規約などの資料を配布す
るなど、PTAへの理解を図ることが原則」とし、
「会員としての自覚や連帯感を高めるためにも、保護者からの同意を得た上で、入会申込書を提出
してもらうことが原則」である旨記載しております。
いただいたご指摘も踏まえながら、本市としましても様々な機会をとらまえ、学校⻑を通じ、すべ
ての団体において入会申込書を取るよう、引き続き周知に努めてまいります。
2 PTA会費の徴収につきましても、保護者等の誤解を招かないよう、入会申込書の提出と同じく、
周知に努めてまいります。
3 繰り返しになりますが、本市としましても様々な機会をとらまえ、学校⻑を通じ、すべての団体に
おいて入会申込書を取るよう、引き続き周知に努めてまいります。
また、改善がなされているかどうか、定期的に現状の把握に努めてまいります。
4 個人情報の取り扱いにつきましては、個人にとって不利益にならないように配慮し、使用目的を明
確にしたうえで、本人の同意を得て、必要最小限の情報のみを収集する旨、引き続き周知に努めてまい
ります。
しており、内容につきましては、必要に応じ適宜改正に努めてまいります。
どうぞよろしくお願い申し上げます。
【本件に関するご質問‧お問合わせは下記まで】
+ + + + + + + + + + + + + + + + + + + + + + + + + + + + + + + + + + + +
大阪市教育委員会事務局 生涯学習部 生涯学習担当係⻑ [氏名省略]
+ + + + + + + + + + + + + + + + + + + + + + + + + + + + + + + + + + + +"
21,大阪府教育庁,大阪府,A,A:照会回答,2025/08/20,【回答】大阪府.pdf,入会意思確認; みなし加入; 会費徴収・委任; 個人情報・名簿; 教委指導・是正,https://ptaorg.com/board-responses/21-osaka-kyoikucho.html,3492,"【回答】大阪府行政オンラインシステムへのお問合せ内容について
2025年8月20日 11:54
質問者 様
大阪府教育庁市町村教育室地域教育振興課でございます。
このたびは、お問い合わせいただいてから回答までの期間を要しましたことに、
まずはお詫びいたします。
さて、令和7年5月19日にお問い合わせいただいた内容につきまして、
以下のとおり回答いたします。
【法的問題点】
PTA入会手続きの不備:
保護者の明示的な入会申込書等の提出がないにもかかわらず、
「みなし加入」あるいは「オプトアウト方式」(特段の拒否がなければ自動的に会員とする)によって、
保護者をPTA会員として扱う事例が複数確認されています。
PTAへの入会は、保護者とPTAとの間の契約関係に基づく加入行為(双務契約)であると解され、
保護者による明確な意思表示(承諾)がなければ契約は成立しません
(⺠法第521条‧第522条、消費者契約法第3条‧第4条)。
保護者の明示的な同意がない「みなし加入」は、⺠法第522条の契約成立要件を欠き、
契約として無効である可能性が高いです。
【照会事項】
PTA会員資格の取得について:
保護者の明示的な入会同意(入会申込書の提出など)がない状況で、
「みなし加入」または「オプトアウト方式」によってPTA会員とする取り扱いについて、
契約法(⺠法、消費者契約法)上の有効性に関する教育委員会の見解をお伺いします。
また、適法な会員資格取得のために必要な手続きと、
市として各学校への指導方針についてご教示ください。
(回答)
PTAへの入会は、契約行為に当たりますので、
⺠法第521条‧522条及び消費者契約法第3条‧第4条に基づく対応が求められるものと
認識しています。
よって、大阪府教育庁としては、「適法な会員資格取得のために必要な手続き」として、
PTAから保護者に対し、PTAの目的や意義、PTA活動の内容、PTA会費の金額や徴収方法、
PTAへの入会は任意であることなどを、文書又は口頭により説明したうえ、
入会に係る意思を確認する必要があり、その説明内容に保護者が同意した場合、
入会が成立するものと認識しています。
ただし、⺠法第522条第1項には、
契約の成立条件として「申込みと承諾による成立」が規定されていますが、
その「申込みと承諾」の方法については具体的に定められておらず、
お問合せの「オプトアウト方式」など、保護者から入会しない旨の連絡がないことをもって
入会の意思表示があったものとみなす意思確認の方法についても、
⺠法第522条の「申込みと承諾」に該当し、契約として成立するものと認識しています。
また、⺠法第522条第2項には、
「契約の成立には、法令に特別の定めがある場合を除き、
書面の作成その他の方式を具備することを要しない」と規定されているため、
入会しない場合のみ期限までに口頭で申し出る方法についても、
契約として成立するものと認識しています。
なお、府教育庁としては、令和6年10月9日付けで府立学校校⻑‧准校⻑あて発出した
通知のQ&Aにおいて、以下の記載をしています。
学校関係団体(会⻑等)から会員になる資格を持つ本人
(例:PTAの場合は保護者、同窓会の場合は生徒)に対し、
学校関係団体の活動の目的や意義、及び学校関係団体への入会は任意であることについて、
文書又は口頭により説明される必要があります。
そのうえで、学校関係団体により入会意思の確認が行われますが、
その方法については次のような方法が考えられます。
1文書により、本人からの回答を求める場合
当該団体の会員になる資格を持つ本人から、「入会届」を提出してもらう。
2口頭により、本人からの回答を求める場合
「学校関係団体の活動に係るご協力のお願い」などと題して、
学校関係団体がその会員になる資格を持つ本人あてに発出した文書において、
「入会されない場合は、○月○日までに□□までご連絡ください」と記載しておき、
入会を希望しない本人からの申出を受け付ける(この場合、申出を記録‧保管しておく)。
各学校関係団体の実情に合わせ、どのような方法で入会意思の確認を行うか、
各学校関係団体において決定される必要があります。
【法的問題点】
PTA会費徴収の違法性:
PTAと学校間で会費徴収に関する委任契約が締結されていないにもかかわらず、
学校がPTAの代理として会費徴収業務を行っている事例が報告されています。
PTAからの明確な代理権限(委任契約等)がないにもかかわらず、
学校が第三者から金銭(会費)を徴収する行為は、
⺠法第113条以下に定める「無権代理」行為に該当し、無効となる可能性があります。
徴収した会費が、保護者の同意に基づかない不当な支払いである場合、
返還義務や損害賠償義務が発生するおそれがあります。
【照会事項】
PTA会費の徴収について:
PTAと学校間における正式な業務委託契約なしに、学校がPTA会費を徴収する行為について、
無権代理に該当する可能性を含め、教育委員会の法的見解をお伺いします。
また、会費徴収業務の適法性を確保するための市としての指導‧管理体制、
および保護者の同意がない状況で会費が徴収された場合の責任の所在についてご教示ください。
(回答)
PTA等、学校関係団体の会計事務(会費徴収を含む)を学校が行うことの法的性質については、
保護者等から学校(校⻑)が、その目的にしたがって管理‧執行を任された
一種の委任契約(⺠法第643条)であると認識しています。
したがって、受任者である学校は、委任の本旨に従い、善良な管理者の注意をもって
事務を処理する必要があり、また、その監督責任は、教育委員会も負うものであると考えています。
府教育庁では、学校が団体の会計事務を行う場合は、委任関係の有無を明確にするため、
団体から委任状を提出させるよう指導しているとともに、
適宜、委任状の提出状況を確認することとしています。
なお、学校がPTAからの委任を受けてPTA会費を徴収するにあたっては、
PTAにおいて、その会員になる資格を持つ本人に対し、
入会の意思確認(オプトアウト方式によることも含めて)が適切に行われているものと認識しています。
【法的問題点】
学校名簿の目的外利用:
学校が保有する「生徒‧保護者名簿(氏名‧連絡先等)」を、
任意加入団体であるPTAの会費徴収目的で使用している事例が複数確認されています。
学校が教育目的で収集‧保有する個人情報を、別団体であるPTAの業務のため使用することは、
個人情報保護法第69条(利用及び提供の制限)における
「目的外利用」に該当するのではないかと懸念されます。
【照会事項】
個人情報の利用について:
学校が保有する生徒‧保護者の個人情報(名簿等)を、PTAの会費徴収目的で使用することについて、
個人情報保護法における「目的外利用」に該当するか否かに関する教育委員会の見解をお伺いします。
また、PTAが学校の保有する個人情報を利用する場合に必要な手続きや保護者の同意、
市としての指導‧指針についてご教示ください。
(回答)
府立学校において、学校納付金等徴収に係る事務は個人情報取扱事務として登録されており、
PTA会費を含めた府立学校納付金等の徴収を目的に
府立学校在籍生徒の個人情報を取り扱うことが明示されています。
これに基づき、各校が保有する生徒の個人情報を、
PTAからの委任を受けて会費を学校納付金等として徴収する際に使用していることから、
目的の範囲内で行っていると認識しています。
なお、学校は、個人情報取扱事務として登録されていない利用目的で、
その保有する生徒‧保護者の個人情報をPTAのために利用する場合、
PTAに提供する個人情報の内容と提供の目的について、あらかじめ本人に説明し、
その同意を得ておく必要があります。
それを前提にすると、学校が保有する生徒‧保護者の個人情報を、
本人の同意を得ることなくPTAにおいて使用した場合、
個人情報保護法第69条における「目的外利用」に該当すると認識しています。
回答は以上でございます。
質問者様におかれましては、今後も学校関係団体の活動にご理解ご協力を賜りますよう
よろしくお願いいたします。
大阪府教育庁 市町村教育室
地域教育振興課 社会教育グループ"
22,大阪府東大阪市,大阪府,A,A:照会回答,令和７年８月２２日,【回答】大阪府東大阪市.pdf,会費徴収・委任; 個人情報・名簿; 教委指導・是正,https://ptaorg.com/board-responses/22-osaka-higashiosaka.html,455,"PTA適正化推進委員会
東大阪教委政第1130号
令和7年8月22日
東 大 阪 市 教 育 委 員 会
教育次長 [氏名省略]
「照会事項」について(回答)
令和7年8月5日付けで提出のありました標記の件につきましては、下記のとおり回答い
たします。
記
PTAへの入会につきましては、加入は任意であり、本人の意思に基づくものであるた
め、書面等による手続きで加入にかかる意思を確認する必要があると考えております。また
、会費の徴収につきまして学校が行う場合は委任を受けた徴収であることを明確にしておく
必要があると考えております。
個人情報につきましては、PTA活動に限らず、その利用目的を明確にしたうえで本人の同
意を得て、その範囲内で利用することが可能であると認識しており、保有する情報を本人の同
意なく、他に提供することは個人情報保護法の観点から適切ではないと考えております。
本市教育委員会といたしましては学校に対して必要に応じ適正な対応をとるよう適宜指導し
てまいります。
東大阪市教育委員会事務局"
23,大阪府茨木市,大阪府,A,A:照会回答,2025/08/20,【回答】大阪府茨木市.pdf,入会意思確認; 会費徴収・委任; 個人情報・名簿; 教職員関与; 学校施設利用; 教委指導・是正,https://ptaorg.com/board-responses/23-osaka-ibaraki.html,940,"大阪府茨木市【回答】PTA入会手続き等の法的見解について
2025年8月15日 15:18
PTA適正化推進委員会 御中
お問合せいただいた件につきまして、以下のとおり回答いたします。
1.PTAの入会契約の成立要件に関する法的見解について
PTAの入会におきましては、保護者の明示的な申込みによる意思表示を確認し、PTAの承諾によって入会契約が成
立するものと考えております。
2.学校によるPTA会費の徴収行為が無権代理に該当するかについて
学校-PTA間で徴収業務を含めたPTA事務に関しての委任契約書を結び、PTAを運営すべきと考えております。
3.入会申込書による保護者および教職員の明確な意思確認の必要性について
PTAは任意加入団体であるとの認識のもと、入会に際しては個別の申込書や同意書の提出によって、明確に加入意
思を確認することが必要であると考えます。現在、多くのPTAで適正に行われているところですが、今後も引き続き
状況を把握するとともに、適切な指導、助言を行ってまいります。
4.個人情報保護法に基づく児童名簿‧連絡個票の利用目的逸脱について
個人情報の取得については、使用目的を明示し、その使用目的以外には個人の許可なくその情報を利用できないこ
とについては、随時指導を行っております。
入会申込書を取得していない段階で、保護者の同意なく、学校が取得した個人情報をPTAという外部団体に提供する
ことがないよう、個人情報の管理及び取扱いにつきまして、今後も指導を徹底してまいります。
5.PTAの運用に関する教育委員会の是正指導責任について
会費徴収や校内施設の使用、個人情報の取扱い等について、不適切な運用がないように教育委員会が指導及び助言
を行ってまいります。
6.任意加入‧法令遵守が確保されるまでの暫定的措置に関する方針について
各校の状況を把握したうえで、不適切な状態であると懸念される学校があった場合は、是正されるまでの間、学校
による施設提供や会費徴収への協力を停止する措置を講じる場合があることも周知し、適切な形での活動へ是正する
よう、引き続き指導してまいります。
茨木市教育委員会
学校教育推進課
茨木市教育委員会
社会教育振興課"
24,宮城県仙台市（職務専念義務・PTA会費徴収事務）,宮城県,A,A:照会回答,,仙台市　回答　職業専念.pdf,入会意思確認; 会費徴収・委任; 個人情報・名簿; 教職員関与; 教委指導・是正,https://ptaorg.com/board-responses/24-miyagi-sendai.html,1901,"【仙台市・回答】 WEBからのお問い合わせ「PTA会費等徴収事務の適正化に関する実態調査について」への回答です
このたびは、PT1A会費等徴収事務の適正化についてお問い合わせいただきありがとうございます。
お問い合わせいただいた 7 点につきまして、以下のとおり回答いたします。
1.PTA会費徴収事務への教職員の関与について
PTAは任意加入の私的団体であり、PTA会費はPTAの私会計として管理される資金であると理解しております。その前提において、公立学校の教職員が勤務時間中にPTA会費徴収事務に関与することについて、教育委員会としてはどのような法的位置付けのもとで実施されていると整理されていますでしょうか。(※現時点で明確な整理に至っていない場合は、「未整理」等とご回答いただいて構いません)
【回答】
学校長が教職員の大きな負担となからないと判断した範囲かつPTAと学校問で結んだ業務委任契約の範囲において校務として従事できるものと整理しております。
2.事務の性質について
PTA会費徴収事務について、教育和要員会として以下のいずれに該当する事務として整理されているかご教示ください。
【回答】
ロ学校の校務 (公務) として行われる事務ロPTAの事務を補助する協力行為ロ保護者からの依頼に基づく事務補助
Motte (具体的にご説明ください)
PTA会費徴収事務については、基本的にPrAによって行われるものですが、その他の校納金と一括徴収することでの保護者の利便性向上のために、学校長が教職員の大きな負担とおからないと判断した範囲かつPTAと学校間で結んだ業務委任契約の範囲において校務として従事できるものとしております。
3.公的資源の利用根拠について
PTA会費徴収に際して、学校名義の口座、学校徴収金管理システム、事務機器、教職員の労務等の公的資源が利用されている場合、その利用を可能とする法令、条例、規則、要綱、通知等の根拠が存在する場合は、その名称および該当部分をご教示ください。(※明文化された根拠が存在しない場合は「なし (慣例による運用)」等とご回答ください)
【回答】
仙台市学校納付金取扱要領
4.事故発生時の責任主体について
PTA会費徴収に関して、以下のような事故が発生した場合の責任主体について、教育委員会としての整理をご教示ください。 (学校長、 [教育委員会、[ PTA、]その他、あるいは個別判断等)・口座振替設定ミスによる誤微収・PTA会費の二重徴収・徴収した現金の紛失・PTAへの送金処理ミス・PTA会費の不正使用
【回答】
個別判断
5.責任分担を明記した文書について
PTA会費徴収事務について、学校とPTAの責任分担を整理した文書 (協定書、覚書、要綱、通知等) が存在する場合は、その文書名をご教示ください。
【回答】
把握しておりません。
6.学校とPTAの関係性の位置付けについて教育委員会として、公立学校とPTAとの関係について制度上どのように位置付けているかご説明ください。(例 : 学校外部団体、教育活動協力団体など)
【回答】
PTAは、学校を支える大変重要なパートナーである一方で、学校とは別組織の任意団体であり、こどもたちの健やかな成長を願い、保護者と教職員が互いに協力し、ともに学び、ともに活動する社会教育関係団体と捉えております。
7.今後の行政運用について上記の制度整理を踏まえ、現在学校が関与しているPA会費徴収の仕組みについて、 今後の行政運用として以下のいずれの方向性を想定されているかご教示ください。
【回答】
ロ現行の学校関与を継続する (委任契約等による継続を含む)
ロPTAによる自主徴収への移行を検討するロ制度の見直しを検討している (具体的にご説明ください)
MEOH (具体的にご説明ください)
学校長が教職員の大きな負担となからないと判断した範囲かつPTAと学校間で結んだ業務委任契約の範囲での協力を継続してまいります。なお、校納金と一緒に徴収している学校については、収納管理サービスの活用による教職員の事務軽減を図りながら、保護者の利便性向上と負担軽減に努めてまいりたいと存じます。
令和8年3月30日仙台市教育委員会生涯学習部生涯学習課長 [氏名省略]ご不明な点につきましては、下記までお問い合わせください。
※仙台市においては、個人情報保護の観点から電子メールで回答する場合、個人情報を除いた文書とすることとしております。
お名前を「あなた様」とさせていただいておりますことご了承願います。"
25,宮城県南三陸町,宮城県,A,A:照会回答,,【回答】宮城県南三陸町.pdf,入会意思確認; みなし加入; 会費徴収・委任; 個人情報・名簿; 教職員関与; 学校施設利用; 教委指導・是正,https://ptaorg.com/board-responses/25-miyagi-minamisanriku.html,646,"1 PTA の入会契約の成立要件に関する法的見解について
PTA への入会については、保護者の明示的な申込みによる意思表示確認と
PTA の承諾により入会契約が成立すると考えます。そのため「みなし入会」に
ついては適切ではないと考えます。
2 学校による PTA 会費の徴収行為が無権代理に該当するかについて
無権代理に該当すると考えます。
3 入会申込書による保護者及び教職員の明確な意思確認の必要性について
入会申込書による明確な意思表示は必要であると考えます。
4 個人情報保護法に基づく児童名簿・連絡個票の利用目的逸脱について
児童名簿等の個人情報については学校教育活動のために収集したものであ
り、保護者の同意を得ず PTA 会費の徴収等に利用する場合は個人情報保護法に
抵触すると考えます。
そのため、個人情報を収集する際は利用目的を明示し目的外での使用となら
ないよう指導を行っていきたいと思います。PTA 会費の徴収等に使用する場合
は同意書を提出していただく必要性がある旨も併せて周知していきます。
5 PTA の運用に関する教育委員会の是正指導責任について
教育委員会は PTA の運営が不適切なものとならないよう是正指導をする必要
があると考えます。
6 任意加入・法令遵守が確保されるまでの暫定的措置に関する方針について
是正されるまでの間については、学校施設の利用の停止の可能性があること
を伝え、適切な形での PTA 運営がなされるよう指導していきたいと思います。"
26,宮城県大崎市,宮城県,A,A:照会回答,,【回答】宮城県大崎市.pdf,入会意思確認; 会費徴収・委任; 個人情報・名簿; 教職員関与; 教委指導・是正,https://ptaorg.com/board-responses/26-miyagi-osaki.html,1070,"【宮城県大崎市教育委員会】PTA入会手続き等の法的見解について(回答)
1. PTAの入会契約の成立要件に関する法的見解について
PTA入会に際しては,加入の申込みを明示的に行う機会を保護者に提供し,入会の可否を選択できる
旨を明確に伝え,強制加入の誤解を生じさせない配慮を徹底することが必要だと考えます。また,PTA
に加入しない保護者や児童生徒に対して,不利益な扱いがないよう,配慮することも大切だと考えて
います。
2. 学校によるPTA会費の徴収行為が無権代理に該当するかについて
学校がPTAからの明示的な委任を受けずにPTA会費を徴収する行為は,民法上の「無権代理」に該当
する可能性が高いと考えます。そのため,学校がPTA会費徴収を行う場合は,PTAとの間で明確な委任
契約等を締結し,根拠を文書化する等の対応が必要だと考えます。
3. 入会申込書による保護者および教職員の明確な意思確認の必要性について
PTAは,保護者・教職員の自発的な参加と協力によって成り立つ組織です。「入会手続き」において
,自由な意思に基づいた明確な同意を形式的にも実質的にも確保することが大切だと考えております
。
4. 個人情報保護法に基づく児童名簿‧連絡個票の利用目的逸脱について
PTA関連目的で個人情報を利用する場合には,学校とは別の目的であることを明記し,利用・提供に
ついての同意書を別途取得するなどの対応が必要と考えます。個人情報保護法を遵守した学校運営を
徹底することを最優先とし,今後も各学校に対して必要な指導・助言等を継続して行ってまいります
。
5. PTAの運用に関する教育委員会の是正指導責任について
PTAは,本来,保護者・教職員が対等な立場で協力し合い,教育を支える自発的な組織であります。
その信頼性と法的安定性を保つためには,教育委員会による法令遵守の観点からの是正指導も大切だ
と考えます。教育委員会は,PTAの自律的な活動を尊重しつつも,運用の適正化に向けた支援を行って
いきたいと考えております。
6.任意加入・法令遵守が確保されるまでの暫定的措置に関する方針について
教育委員会は,PTAの自主性・公益性を尊重しつつも,その運営が任意加入・法令遵守・個人情報保
護・中立性・公平性の原則に基づいてなされなければならないと考えます。暫定措置は,あくまで混
乱を避けつつ適正化を実現するための過渡的措置であり,最終的には全ての学校・PTAにおいて,法的
に適正な制度と運用が確立されるよう対応してまいります。"
27,宮城県白石市,宮城県,A,A:照会回答,,【回答】宮城県白石市.pdf,入会意思確認; 会費徴収・委任; 個人情報・名簿; 教職員関与; 教委指導・是正,https://ptaorg.com/board-responses/27-miyagi-shiroishi.html,1098,"照会への回答 (白石市教育委員会)
1. PTA の入会契約の成立要件に関する法的見解について
〇PTA は、任意団体であり、その加入に関しては保護者が意思表示することで入会す
るものであると考えます。
2. 学校による PTA 会費の徴収行為が無権代理に該当するかについて
〇学校と PTA との間で委任契約を結んだ上で PTA 業務を行うべきものと考えます。
また、会費等の徴収を行う際に法令等の違反があれば、是正されるべきと考えます。
3. 入会申込書による保護者および教職員の明確な意思確認の必要性について
〇申込書や同意書等による意思表示の確認を行っていない場合には、是正していくべ
きであると考えます。
4. 個人情報保護法に基づく児童名簿・連絡個票の利用目的逸脱について
〇違法な運用等は是正されるべきであると認識しております。個人情報の扱いについ
て各学校に対し随時指導しています。
5. PTA の運用に関する教育委員会の是正指導責任について
〇PTA と学校は本来協力関係にあり、児童生徒の健全育成に連携して取り組むべきで
あると考えます。学校に対しては不適切な運用がないよう指導していきます。
6. 任意加入・法令遵守が確保されるまでの暫定的措置に関する方針について
〇法令違反はあってはならないものです。各校の状況を把握し、不適切な運用等がな
いよう指導していきます。
7. PTA は社会教育関係団体であり、学校とは別団体であると認識しております。一方
で現場では、学校が PTA 入会勧誘の支援、会費徴収の代行、会計管理等に関与してい
る事例も見受けられます。これらが業務時間内に行われる場合、公務か、または職務
専念義務の免除(職専免)かが問題となり得ます。つきましては、貴委員会管轄内で
の取扱いについて該当するものに[ ✔]をお願いいたします。
□ 1. 関与は全くない
□ 2. 線引きを明確化し、限定的な範囲で「公務として」扱う
□ 3. 「職専免」として扱う
□ 4. 特に決めていない
☑ 5. その他(具体的に:現在、状況確認中であり、対応を検討し、指示していく予定
である)
8、上記が「1. 関与が全くない」以外の場合の根拠
■ 回答様式(このまま引用・記入・返信可)
【自治体名/教育委員会名】: 白石市教育委員会
【ご担当部署/ご担当者名】: 学校管理課 [氏名省略]
(質問7)該当する選択肢に[image: ✔]
□ 1 / □ 2 / □ 3 / □ 4 /
☑ 5(その他:現在、状況確認中であり、対応を検討し、指示していく予定である)"
28,山梨県西桂町教育委員会,山梨県,C,C:教育長・要望回答,,西桂町教育委員会.pdf,入会意思確認; 会費徴収・委任; 個人情報・名簿; 教委指導・是正,https://ptaorg.com/board-responses/28-yamanashi-nishikatsura.html,683,"5.教育委員会としての対応方針について(回答)
回答者 西桂町教育委員会 [氏名省略]
1. 上記要望事項に関し、すでに講じている措置の有無
1 4.要望事項 1.2 については、現在小中学校においては、現状任意加入について保護
者に対して通知などにより明確に示されていない。徴収及び集金について、学校が
管理しているが、使用方法については PTA 総会等で明確に示されている。
教育委員会としては、学校と相談する中で、任意加入であることの周知を保護者へ
図っていただくようお願いしていることや、徴収及び集金に関する部分について
は、活動費等の内容が市町村で負担すべきものなのであるのかなど判断し、慎重に
取り組んでいきたい。また、学校等でも近隣学校と話し合いを行っているようなの
で、その状況を踏まえ対応していきたい。
【今後の取り組み】
任意加入についての周知
徴収金の内容確認→徴収の必要性、市町村が負担すべきなのかなどの確認
2 4 要望事項の 3.については、現在個人情報の取り扱いに関して、整備している状況
にある。
【今後の取り組み】
具体的な内容については、令和8年度に行う予定である。
3 4要望事項の 4.については、PTA にかかわる職員の負担はそこまでとは聞いてい
ないが、担当職員に負担がかからないよう、配慮をお願いしている。
今後については、上記の取り組み状況による
2. 今後、新たに講ずる予定の有無
1 上記 1.に記載した部分を、学校と相談し適切に運用できるよう対応していきたい。
3. 現時点では対応予定がない場合、その理由の概要"
29,岐阜県東白川村,岐阜県,A,A:照会回答,2025/09/04,【回答】岐阜県東白川村.pdf,入会意思確認; みなし加入; 会費徴収・委任; 個人情報・名簿; 教職員関与; 学校施設利用; 教委指導・是正,https://ptaorg.com/board-responses/29-gifu-higashishirakawa.html,6147,"【岐阜県東白川村教育委員会】PTA入会手続き等の法的見解について照会事項6点(回
答)
PTA適正化推進委員会 御中
2025年8月8日 10:27
お世話になっております。
岐阜県 東白川村教育委員会教育課 [氏名省略]と申します。
先日ご照会をいただきましたPTA入会手続き等の法的見解に係るご照会について
東白川村教育委員会の見解と対応を次のとおり回答いたします。
▼照会事項(全6項目)
運用が多くの学校で行われています。このような「みなし入会」方式について、⺠法第522条および消費者契約法に
照らし、契約が成立していると判断される法的根拠があるか、教育委員会としての見解をお示しください。
●PTA組織への入会については、加入対象者(保護者‧教職員)の入会の意思表示をもって契約が成立されるもの
であるとの認識でございます。しかし、現状としてはいわゆる「みなし入会」の現状が是正されているとは本村にお
いても言い難く、PTA組織の改革として提案‧指導を行っていく計画でございます。
徴収しているケースがあります。学校が正式な代理権を持たずにPTAの業務を代行している場合、⺠法第113条に基
づく無権代理に該当すると考えられますが、教育委員会はこの点をどのように評価していますか。
●ご指摘のとおり無権代理に該当することとなります。学校がPTAと事務運営のみならず、会費の徴収業務に関す
る準委任契約を締結していくことは必須事項であると捉え、教育委員会として指導してまいります。
えられます。現在多くの学校で申込書を徴収していない状況について、教育委員会として是正の必要性を認識されて
いますか。
●照会1で回答いたしましたとおり、入会の意思表示をもって契約が成立されるものであるとの認識であり、恥ずか
しながら現状として本村の学校PTAでは申込書を徴収しておりません。教育委員会として指導を行い、正しい入退
会の手続きを経て、PTAに加入している意識をもっていただくよう是正してまいります。
が児童名簿や連絡個票を用いてPTA会費の徴収等を行っている実態が、多くの学校で確認されています。これらの名
簿情報は、本来、入学手続きや教育活動のために学校が収集したものであり、保護者の同意なくPTAという外部団体
の金銭徴収業務に転用することは、個人情報保護法第69条(利用目的の制限)に違反するおそれがあります。加え
て、PTA自身が会員の氏名を把握していない状態で、学校が本人同意なしに代理徴収的な行為をしていることは、情
報主体(保護者)の権利を大きく侵害する状況であると考えます。貴教育委員会として、このような運用の違法性ま
たは法令抵触の可能性に対する認識、および是正の必要性や今後の対応方針について、どのようにお考えでしょう
か。明確なご所見をお示しください。
●個人情報の取り扱いに関しては、個人情報保護法により使用目的を明示し、その使用目的以外の使用は固く禁じる
よう指導しております。個人情報の収集に際してはPTA活動に関する使用を明記の上で収集されている状況ではご
ざいますが、照会1‧3における加入実態の状況を鑑みると適法性に疑われる部分もあり、更なる是正指導が必要で
あると認識いたしました。
適正な運用を行うとともに外部に情報が洩れる、無断転用される事案が起きることの無いよう指導を徹底してまいり
ます。
運用が学校教育の一環と認定される可能性があります。地方教育行政法第10条に基づき、教育委員会が是正指導を行
う責任があるとお考えでしょうか。
●教育委員会には是正指導を行う責任があると考えます。
は、法令違反の懸念が濃厚です。教育委員会として、是正がなされるまでの間、学校による施設提供や会費徴収への
協力を停止する措置を講じる予定はありますか。
●教育委員会として適正な措置が行われるよう指導を行うとともに、早急な対策について検討を行います。また、改
善に非協力的な反応を示された場合においては即座に学校による施設提供や会費徴収への協力を停止することを求め
てまいります。
【PTA組織の変革】
本村においては現在、小学校と中学校を統合し義務教育学校の設立を目指しております。
設立に関する議題の中にPTAの組織改革もあることから、今回ご意見いただいた内容を特に注意し、適正な団体と
して組織していただくことを指導するとともに、学校も個人情報の取り扱いの徹底を始め自分たち教職員もPTA活
動への協力に慣例だけで進めていくことの無いよう、関係法令を遵守しつつ皆さんが意思を持って加入し活動するP
TAとなるよう努めてまいります。
以上を東白川村教育委員会としての回答とさせていただきます。
‡東白川村教育委員会教育課‡‡‡‡‡‡‡‡‡‡‡‡‡‡
課⻑補佐 [氏名省略]
‡‡‡‡‡‡‡‡‡‡‡‡‡‡‡‡‡‡‡‡‡‡‡‡‡‡‡
日時:2025年08月03日(日) 07:20(+0900)
教育委員会 御中
平素より市の教育行政にご尽力いただき、深く感謝申し上げます。 本照会は、市内公立学校におけるPTA(保護者と
教職員による会)の入会手続きに関する法的問題と、それに対する教育委員会の見解および対応方針について確認す
るものです。なお、このメールは中部地方9県280の市区町村教育委員会に一⻫メールしております。以前すでに
ご回答いただいている市町村に置かれましては、重複の旨失礼いたします(回答したものの、回答に誠実さが足りて
いなかった市区町村については再度のご回答いただきます)。
1. 照会の背景
PTAは、学校教育法第137条に基づき、学校と密接に連携し、保護者と教職員が協働して児童‧生徒の教育環境を支
える団体であり、学校教育の現場において重要な役割を果たしています。多くの学校では、PTAに対し施設が提供さ
れ、教職員が運営に関与し、会費の代行徴収が行われるなど、学校との一体的な関係が存在しています。加えて、公
文書開示制度においてPTA関連文書が行政文書として開示対象とされている実態も、両者の密接な関与性を裏付ける
ものです。
近年、PTAへの自動加入や会費徴収を巡る法的問題が顕在化し、訴訟に発展する事例も報告されています。たとえ
ば、熊本県においては、非加入保護者からの会費徴収に関し返還を求めた裁判が提起され、最終的にPTAが任意加入
であることを周知することが和解条件となった事例があります(出典:朝日新聞デジタル「PTA、入退会は自由」)。
こうした社会的背景の中、市内公立学校においても、保護者の明確な入会意思を確認せず、児童‧生徒の入学をもっ
て自動的に保護者を会員とする「みなし入会」が行われているとの情報が寄せられており、保護者の意思表示を欠く
運用が常態化している懸念があります。このような運用は、以下に述べるとおり、複数の法令に抵触する可能性があ
り、学校教育法第137条に定める「学校教育上の支障」にも該当しうる看過できない非常に重大な問題と認識してお
ります。
2. 法的問題点
(1)消費者契約法上の問題
消費者庁の見解により、PTAは消費者契約法(平成12年法律第61号)上の「事業者」に該当し、保護者は「消費者」
とみなされます(同法逐条解説)。契約の成立には、⺠法第522条に基づき保護者の明確な「申込み」とPTAの「承
諾」が必要ですが、みなし入会では保護者の意思表示が存在せず、契約不成立の状態にあります。
また、「沈黙による同意」は消費者契約法の「ネガティブ‧オプション」に類似し、任意加入であることを周知しな
いまま会費を徴収する行為は、同法第4条第2項の「不利益事実の不告知」に該当し、契約の取消事由となります。さ
らに、学校徴収金とPTA会費を併せて徴収する行為は、錯誤(⺠法第95条)や不当勧誘(同法第10条)の問題を生じ
させる可能性があります。
(2)無権代理行為の懸念
PTA会費を学校が代行して徴収している場合に、PTAと学校との間に明確な委任契約が存在しなければ、これは⺠法
第113条に該当する「無権代理行為」となります。保護者が学校に対して信頼を寄せている状況下で、学校が法的根
拠のないまま徴収行為を行うことは、教育機関として重大な責任問題を招くものです。
また、消費者契約法第2条第2項では「共同して事業を行う者」も「事業者」として包括的に責任が問われるとされて
おり、学校もPTAと連帯して責任を負う可能性があります。
(3)個人情報保護法上の問題
児童‧生徒の入学時に学校が収集する「緊急連絡票」や「児童名簿」は、本来、教育目的に限定して使用されるべき
個人情報です。これをPTA会費徴収のために目的外で使用することは、個人情報保護法第69条に違反する可能性があ
ります。また、PTA入会と情報提供の同意を混同させる運用は、同法第27条の「本人の明確な同意」を欠くため、適
法性を欠きます。
(4)施設利用における学校の責任
学校教育法第137条は、PTAに学校施設の使用を認めるにあたり「学校教育上支障がない限り」という条件を付して
おり、施設利用の許可は校⻑(施設管理責任者)の裁量に委ねられています。
PTAが法令違反の疑いある運用を続ける中で施設を継続利用させることは、学校自身が法的‧倫理的責任を問われる
要因となります。したがって、PTA運用の適正性確保は、学校⻑および教育委員会の法的責務の一環であるといえま
す。
(5)学校教育法上の支障
みなし入会‧抱き合わせ徴収‧無権代理行為‧個人情報の目的外利用といった問題は、教育現場において保護者との
信頼関係を損ない、子どもの教育環境に悪影響を及ぼします。これらはすべて、学校教育法第137条が想定する「支
障」に該当する具体的事象といえます。
3.社会教育法第12条の適用に関する見解
一部の教育委員会では「PTAは社会教育関係団体であり、社会教育法第12条に基づき干渉できない」との見解を示す
場合がありますが、以下の理由からこの適用には重大な疑義があります。
PTAは、教職員の役員参加、学校施設の恒常的利用、学校職員による会費徴収など、学校教育活動と実質上一体化し
ており、同法が想定する「地域における自主的団体」とは性質が異なります。
教育委員会がPTAに対して入会手続きや個人情報利用の適正化を求めることは、法令遵守を確保するための行政的助
言‧是正指導であり、「統制的支配」や「不当な干渉」には該当しません。
地方教育行政法第10条により、教育委員会は所轄学校に対し管理‧監督義務を負っており、PTAの違法または不適切
な運用が学校業務と関係する場合、その是正は監督義務の履行に含まれます。
4.照会事項(全6項目)
現在、貴教育委員会および市内各公立学校に対し、PTAの運用実態に関する文書の公文書開示請求を並行して実施し
ております。その手続きと併行して、本件に関する法的観点から以下の照会を行いますので、ご多忙のところ恐縮で
すが、ご回答くださいますようお願い申し上げます。
PTAの入会契約の成立要件に関する法的見解について
保護者の明示的な申込み意思表示とPTAの承諾がないまま、学校側が児童の入学をもって一律に「会員」とみなす運
用が多くの学校で行われています。このような「みなし入会」方式について、⺠法第522条および消費者契約法に照
らし、契約が成立していると判断される法的根拠があるか、教育委員会としての見解をお示しください。
学校によるPTA会費の徴収行為が無権代理に該当するかについて
学校がPTAとの間でPTA会費の徴収業務に関する準委任契約を結ばずに、慣例的に児童名簿等を用いて会費を代行徴
収しているケースがあります。学校が正式な代理権を持たずにPTAの業務を代行している場合、⺠法第113条に基づ
く無権代理に該当すると考えられますが、教育委員会はこの点をどのように評価していますか。
入会申込書による保護者および教職員の明確な意思確認の必要性について
PTAが任意加入団体である以上、契約の成立には個別の申込書や同意書による明示的な加入意思の確認が必要と考え
られます。現在多くの学校で申込書を徴収していない状況について、教育委員会として是正の必要性を認識されてい
ますか。
個人情報保護法に基づく児童名簿‧連絡個票の利用目的逸脱について
PTAが入会申込書を取得しておらず、申し込んだ保護者‧教職員が誰であるかを特定‧管理していない状態で、学校
が児童名簿や連絡個票を用いてPTA会費の徴収等を行っている実態が、多くの学校で確認されています。これらの名
簿情報は、本来、入学手続きや教育活動のために学校が収集したものであり、保護者の同意なくPTAという外部団体
の金銭徴収業務に転用することは、個人情報保護法第69条(利用目的の制限)に違反するおそれがあります。加え
て、PTA自身が会員の氏名を把握していない状態で、学校が本人同意なしに代理徴収的な行為をしていることは、情
報主体(保護者)の権利を大きく侵害する状況であると考えます。貴教育委員会として、このような運用の違法性ま
たは法令抵触の可能性に対する認識、および是正の必要性や今後の対応方針について、どのようにお考えでしょう
か。明確なご所見をお示しください。
PTAの運用に関する教育委員会の是正指導責任について
学校がPTAと一体的に関与し、会費徴収や施設使用を支援している実態を踏まえれば、PTAの違法または不適切な運
用が学校教育の一環と認定される可能性があります。地方教育行政法第10条に基づき、教育委員会が是正指導を行う
責任があるとお考えでしょうか。
任意加入‧法令遵守が確保されるまでの暫定的措置に関する方針について
PTAが保護者の意思確認を適切に行わず、会員名簿すら把握しないまま会費徴収や施設利用を継続している状態は、
法令違反の懸念が濃厚です。教育委員会として、是正がなされるまでの間、学校による施設提供や会費徴収への協力
を停止する措置を講じる予定はありますか。
5.求められる対応
教育委員会におかれましては、地方教育行政法第10条の規定に基づき、以下の対応をご検討いただきたく存じます:
PTAが任意加入団体であることを明確に周知すること
明示的な入会申込書の導入を学校に徹底させること
個人情報の適正な利用に関する運用見直しの指導
無権代理行為の是正と、委任契約の明文化指導
PTAの法令違反が解消されるまでの施設利用や協力体制の見直し
保護者の権利を守り、学校との信頼関係を維持するためにも、早急な対応をお願い申し上げます。
ご多忙の折恐縮ではございますが、本照会に対するご回答を、書面または電子メールにてご送付くださいますようお
願い申し上げます。
敬具"
30,岡山県岡山市,岡山県,A,A:照会回答,2025/09/04,【回答】岡山県岡山市.pdf,入会意思確認; みなし加入; 会費徴収・委任; 個人情報・名簿; 教職員関与; 学校施設利用; 教委指導・是正,https://ptaorg.com/board-responses/30-okayama-okayama.html,1239,"回答について
2025年8月6日 13:21
PTA適正化推進委員会 御中
つきまして、以下のとおり回答いたします。
1.PTA入会契約の不存在(みなし加入‧オプトアウト方式)について
PTAは任意団体であり、会費徴収を伴う場合には消費者契約法の適用対象
となる契約行為と解されます(同法逐条解説において、PTAは事業者に
該当し得ると明示されております)。しかしながら、多数のPTAにおいて
入会申込書の取得等、明確な意思確認がなされず「みなし加入」
「オプトアウト式入会」が行われております。
この場合の入会契約の法的成立の存否について、貴教育委員会のご認識
をご教示願います。
<回答>
PTA入会の意思確認は、各PTAの実態に合わせ、各PTAにおいて
方法を検討されるものと考えており、ご指摘の点につきましては、
教育委員会がお答えする立場にないと考えます。
2.学校によるPTA会費の代理徴収と⺠法上の「無権代理」について
PTAによる学校への会費徴収の委任は、⺠法上の準委任契約に該当する
と考えますが、多くの実例では当該委任契約が存在しないまま学校側が
徴収業務を行っている状況にあります。このような場合、学校の代理徴収
が無権代理に該当する可能性があり、法的責任や教育行政の整合性に影響
を与えることが懸念されます。
貴教育委員会としての法的整理とご認識をご教示願います。
<回答>
学校が主体となって徴収し、管理するものではないが、PTA会費の
ように学校教育活動と密接な関係にあって、便宜上、学校が委任を受けて
集金しているものがあり、このような金銭については、権利義務の帰属主体
を明確にしておくとともに、その金銭の取扱いに当たっての委任関係を
契約書等により明確にしておく必要があると考えます。
3.入会申込書の不存在下における学校の名簿利用と個人情報保護法について
PTAが会員を把握していない状態で学校が児童名簿等を用いて会費を徴収
する行為は、個人情報保護法第69条に規定される目的外利用に該当する
恐れがございます。加えて、同法に基づく本人同意のない情報利用は、
適法性を欠くものと解されます。
このような事案における学校の行為の適法性、並びに「入会申込書」に
よる会員確認の必要性について、貴教育委員会のご認識を併せて
ご教示ください。
<回答>
法令に基づく場合(警察、裁判所、税務署等からの照会)等を除き、
学校が保有‧取得している個人情報を、特定した利用目的の範囲外の
ことに利用する場合、また、個人情報を本人以外の第三者に提供する場合、
あらかじめ本人(保護者)の同意が必要であり、学校においては、
個人情報の取扱いについて、十分に配慮したうえで対応しなければ
いけないと考えます。
また、PTAへの入会の意思確認は、各PTAの実態に合わせ、
各PTAにおいて方法を検討されるものと考えます。
岡山市教育委員会事務局生涯学習部生涯学習課"
31,徳島県徳島市,徳島県,A,A:照会回答,令和７年８月１８日,【回答】徳島県徳島市.pdf,入会意思確認; 会費徴収・委任; 個人情報・名簿; 教職員関与; 学校施設利用; 教委指導・是正,https://ptaorg.com/board-responses/31-tokushima-tokushima.html,2260,"PTA 適正化推進委員会
教学発第1372号
令和7年8月18日
徳島市教育委員会事務局
学校教育課・社会教育課
PTA 入会手続き等の法的見解について(回答)
令和7年8月3日付けで照会のありましたことについて、次のとおり回答いたします。
1 PTA の入会契約の成立要件に関する法的見解について
【照会事項】
保護者の明示的な申込み意思表示と PTA の承諾がないまま、学校側が児童の入学を
もって一律に「会員」とみなす運用が多くの学校で行われています。このような「みな
し入会」方式について、民法第 522 条および消費者契約法に照らし、契約が成立してい
ると判断される法的根拠があるか、教育委員会としての見解をお示しください。
【回答】
教育委員会といたしましては、PTA の入会に際しては、保護者の明示的な申込みの意
思表示及びその意思表示に対する PTA の承諾が必要と考えております。
このため、毎年、学校長に対し「PTA の加入は任意であること」を伝え、強制加入と
ならないよう、指導を実施しております。
2 学校による PTA 会費の徴収行為が無権代理に該当するかについて
【照会事項】
学校が PTA との間で PTA 会費の徴収業務に関する準委任契約を結ばずに、慣例的
に児童名簿等を用いて会費を代行徴収しているケースがあります。学校が正式な代理
権を持たずに PTA の業務を代行している場合、民法第 113 条に基づく無権代理に該当
すると考えられますが、教育委員会はこの点をどのように評価していますか。
【回答】
学校が PTA の会費徴収業務を行う場合は、学校と PTA が適切な委任契約または準
委任契約を結ぶことが適当であると考えております。
3 入会申込書による保護者および教職員の明確な意思確認の必要性について
【照会事項】
PTA が任意加入団体である以上、契約の成立には個別の申込書や同意書による明示
的な加入意思の確認が必要と考えられます。現在多くの学校で申込書を徴収していな
い状況について、教育委員会として是正の必要性を認識されていますか。
【回答】
民法上、契約は書面がなくても成立するものではありますが、教育委員会といたしま
しては、PTA への入会に際し、書面等による明確な意思確認を得ることが適当である
と考えております。
この度のお問い合わせを契機として、学校や PTA 団体に対し、是正の必要性を伝え
てまいります。
4 個人情報保護法に基づく児童名簿・連絡個票の利用目的逸脱について
【照会事項】
PTA が入会申込書を取得しておらず、申し込んだ保護者・教職員が誰であるかを特
定・管理していない状態で、学校が児童名簿や連絡個票を用いて PTA 会費の徴収等を
行っている実態が、多くの学校で確認されています。これらの名簿情報は、本来、入学
手続きや教育活動のために学校が収集したものであり、保護者の同意なく PTA という
外部団体の金銭徴収業務に転用することは、個人情報保護法第 69 条(利用目的の制限)
に違反するおそれがあります。加えて、PTA 自身が会員の氏名を把握していない状態
で、学校が本人同意なしに代理徴収的な行為をしていることは、情報主体(保護者)の
権利を大きく侵害する状況であると考えます。貴教育委員会として、このような運用の
違法性または法令抵触の可能性に対する認識、および是正の必要性や今後の対応方針
について、どのようにお考えでしょうか。明確なご所見をお示しください。
【回答】
学校が保有する個人情報は、個人情報保護法に沿って適正に管理されるべきもので
あり、これを保護者の同意なく PTA に提供することは違法であると考えております。
このため、教育委員会では、毎年、学校長に対し「PTA で用いる個人情報は PTA が
収集管理すべきものである」旨を伝え、指導を実施しております。
5 PTA の運用に関する教育委員会の是正指導責任について
【照会事項】
学校が PTA と一体的に関与し、会費徴収や施設使用を支援している実態を踏まえれ
ば、PTA の違法または不適切な運用が学校教育の一環と認定される可能性があります。
学校教育法第 137 条、地方教育行政法第 23 条および 24 条、教育基本法第 16 条に基
づき、教育委員会が是正指導を行う責任があるとお考えでしょうか。
【回答】
PTA は公の支配に属さない社会教育関係団体ですが、学校運営に密接に関わるもの
であるため、組織運営上の課題等に対しては必要に応じて相談や助言を行うなど、教育
委員会として適正な運営を確保するために一定の関与を行う立場にあると考えており
ます。
6 任意加入・法令遵守が確保されるまでの暫定的措置に関する方針について
【照会事項】
PTA が保護者の意思確認を適切に行わず、会員名簿すら把握しないまま会費徴収や
施設利用を継続している状態は、法令違反の懸念が濃厚です。教育委員会として、是正
がなされるまでの間、学校による施設提供や会費徴収への協力を停止する措置を講じ
る予定はありますか。
【回答】
今後とも助言や指導を継続するとともに、必要な是正措置が適切に講じられない団
体に対しては、早期の是正につながるような措置も検討するなど、適切な是正指導と
PTA 運営の適正性の確保に努めてまいりたいと考えております。
以 上"
32,愛知県刈谷市,愛知県,A,A:照会回答,,【回答】愛知県刈谷市.pdf,入会意思確認; みなし加入; 会費徴収・委任; 個人情報・名簿; 教職員関与; 学校施設利用; 教委指導・是正,https://ptaorg.com/board-responses/32-aichi-kariya.html,2262,"PTA入会手続き等の法的見解についての照会 6 項目 (回答)
1. PTAの入会契約の成立要件に関する法的見解について保護者の明示的な申込み意思表示とPTAの承諾がないまま、学校側が児童の入学をもって一律に「会員」とみなす運用が多くの学校で行われています。このような「みなし入会」 方式について、民法第522条および消費者契約法に照らし、契約が成立していると判断される法的根拠があるか、教育委員会としての見解をお示しください。
(回答)
民法第5 2 2 条において、「契約は、契約の内容を示してその締結を申し入れる意思表示に対して相手方が承諾をしたときに成立する。」としており、退会のみを意思表示させる「みなし入会」の手法は無効と判断されうるため、適切ではないと考えます。
また、契約の成立には、書面の作成は法的には必ずしも必要とはされていないものの、個人情報の取扱いをはじめとする承諾手続き等には必要となるため、書面による入会届を提出する手法をとる必要があると考えます。
2. 学校によるPTA会費の徴収行為が無権代理に該当するかについて学校がPTAとの間でPTA会費の徴収業務に関する準委任契約を結ばずに、慣例的に児童名簿等を用いて会費を代行徴収しているケースがあります。 学校が正式な代理権を持たずに
PAの業務を代行している間合民法第113条に基づく無権代理に該当すると考えられます、教育委員会はこの点をどのように評価していますか。
(回答)
民法において、代理権を有しない者が代理人としてした契約は、本人が追認しなければ効カを生じないとしており、会費の徴収について学校に委任したという意志表示がない場合、無権代理として無効となる恐れがあると考えます。
. 入会申込書による保護者および教職員の明確な意思確認の必要性についてである契約の成立には個別の申込書や同意書による明示的な加意思の確認が必要と考えられます。 現在多くの学校で申込書を徴収していない状況について、教育委員会として是正の必要性を認識されていますか。
(回答)
前述のみなし入会、会費の徴収などに伴う様々な問題、リスクを回避するためにも、明示的な意思確認は必要と考えます。本市におきましてもPTAの入会に際しては、「任意団体であることを明確にする」こと、「入会の意思確認」をすることは欠かしてはならないこととして、教育委員会として市の小中学校連絡協議会に働きかけ、毎年、市P連会長から単位DPTA会長にその旨が伝えられておりますが、
一方で書面による入会届や同意書については、一部の学校で集められていない状況がありますので、是正するための指導や助言をしていきたいと考えます。
4. 個人情報保護法に基づく児童名簿・連絡個杜の利用目的逸脱について
PTAが入会申込書を取得しておらず、申し込んだ保護者・教職員が誰であるかを特定・管理していない状態で、学校が児童名簿や連絡個票を用いてPTA会費の微収等を行っている実態が、多くの学校で確認されています。これらの名簿情報は、本来、入学手続きや教育活動のために学校が収集したものであり、保護者の同意なくPTAという外部団体の金銭徴収業務に転用することは、個人情報保護法第69条 (利用目的の制限) に違反するおそれがありま
す。加えて、PTA自身が会員の氏名を把握していない状態で、学校が本人同意なしに代理徴収的な行為をしていることは、情報主体 (保護者) の権利を大きく侵害する状況であると考
RED. 貴教育要員会として、このような運用の違法性または法令抵触の可能性に対する認識、および是正の必要性や今後の対応方針について、どのようにお考えでしょうか。明確なご所見をお示しください。
(回答)
今回課題としてご提示、ご指摘いただいた民法や消費者契約法を始めとする法令への抵触リスクについて、その人危険性への認識が不足している現状もあると思われます。起こり得る訴訟などのリスクや様々なトラブルを回避し、本来のPTAのもつ役割が果たせられるよう、各校における手続きなどの現状の把握を行い、不備について是正するよう進めていきたいと考えます。
5.PTAの運用に関する教育委員会の是正指導責任について学校がPTAと一体的に関与し、会費徴収や施設使用を支援している実態を踏まえれば、PTA
の違法または不適切な運用が学校教育の一環と認定される可能性があります。地方教育行政法に基づき、教育委員会が是正指導を行う責任があるとお考えでしょうか。
(回答)
PTAは任意の社会教育団体ではありながら、学校と密接な関係にある団体であることから、加入することなどへの強制性を錯誤させることがないよう正しい手続きや運用が行われるよう指導及び助言を行う必要があると考えます。
6任意加入・法令遵守が確保されるまでの暫定的措置に関する方針について
PTAが保護者の意思確認を適切に行わず、会員名簿すら把握しないまま会費徴収や施設利用を継続している状態は、法令違反の懸念が濃厚です。教育委員会として、是正がなされるまでの間、学校による施設提供や会費徴収への協力を停止する措置を講じる予定はありますか。
(回答)
説明不足や手続き上の不備等がある場合には、法令違反の恐れがあること、またそれらの是正がされない場合、学校の施設提供や会費徴収などへの協力をやめる措置を講じる場合もあることを伝え、是正及び指導をしていきたいと考えます。"
33,愛知県愛西市,愛知県,C,C:教育長・要望回答,,愛西市　是正回答.pdf,入会意思確認; 会費徴収・委任; 個人情報・名簿; 教職員関与; 教委指導・是正,https://ptaorg.com/board-responses/33-aichi-aisai.html,657,"【回答】:【要望書】公立学校におけるPTA運営の適正化について
PTA適正化推進委員会 様
2026年1月14日 12:57
このたびはお問い合わせをいただき、誠にありがとうございました。
令和8年1月8日にお問い合わせをいただいた件につきまして、次の通り回答いたします。
1.学校においてPTA入会が任意であることが明確に説明され、保護者の意思確認が適切な形で行われるよう、必
要な指導または通知を行うこと。
【回答】有:入学説明会においてPTAより説明をし、入会には同意書を提出いただいております。
2.学校によるPTA会費の徴収‧集金への関与について、その可否および取扱いを整理し、学校現場において誤解
が生じないように運用の明確化を図ること。
【回答】有:学校とPTAの間で業務委任契約を結び学校はPTA会費の徴収を行っています。
3.学校が保有する児童‧保護者に関する個人情報の取扱いについて、PTAとの関係も含めて整理し、適正な管理
が確保されるよう周知すること。
【回答】有:「個人情報保護規程」の策定を行い、PTA会員へ周知をしています。
4.教職員のPTA活動への関与について、職務との区別が明確になるよう整理を行い、学校現場に過度な負担や誤解
が生じないよう配慮すること。
【回答】有:学校とPTAの間で業務委任契約を結び業務を行っています。
今後とも市政にご理解ご協力のほどよろしくお願いいたします。
愛⻄市教育部学校教育課⻑
問い合わせ先
愛知県愛⻄市役所
教育部 学校教育課 [氏名省略]"
34,愛知県江南市教育委員会,愛知県,A,A:照会回答,,【江南市教育委員会】PTA入会に関する法的見解について（回答）.pdf,入会意思確認; みなし加入; 会費徴収・委任; 個人情報・名簿; 教職員関与; 学校施設利用; 教委指導・是正,https://ptaorg.com/board-responses/34-aichi-konan.html,735,"PTA 適正化推進委員会
このたびは貴重な情報提供をいただき、ありがとうございます。
下記のとおり回答いたします。
記
1 PTA の入会契約の成立要件に関する法的見解について
任意団体である PTA への入会には、保護者の意思確認と PTA の承認が必
要であると考えます。市内の小中学校には、「みなし入会」方式とせず、明示
的な意思表示の手法をとることについて指導していきます。
2 学校による PTA 会費の徴収行為が無権代理に該当するかについて
PTA と学校は、PTA 会費の徴収業務に関する準委託契約を結ぶように、指
導しています。
3 入会申込書による保護者および教職員の明確な意思確認の必要性について
申込書や同意書を集めていないところがあり、明確な意思確認のための準
備を進めるよう、市の小中学校長会に働きかけ、各団体に伝えていきます。
4 個人情報保護法に基づく児童名簿・連絡個票の利用目的逸脱について
児童生徒名簿の作成や個人情報の取得については、使用目的を明示し、その
使用目的以外には許可なく利用できないことを指導しています。個人情報を
適正に管理し扱うように周知徹底していきます。
5 PTA の運用に関する教育委員会の是正指導責任について
市教育委員会は、会費徴収や個人情報管理等について、適正な運用が行われ
るように指導及び助言を行う立場にあると考えています。
6 任意加入・法令遵守が確保されるまでの暫定的措置に関する方針について
法令違反の恐れがあることについての是正措置が講じられないときは、学
校の施設提供や会費徴収への協力をやめる措置を講じる場合もあることを伝
え、指導していきたいと考えています。
以上
江南市教育委員会教育課"
35,愛知県犬山市,愛知県,A,A:照会回答,2025/09/04,【回答】愛知県犬山市.pdf,入会意思確認; みなし加入; 会費徴収・委任; 個人情報・名簿; 教職員関与; 学校施設利用; 教委指導・是正,https://ptaorg.com/board-responses/35-aichi-inuyama.html,3188,"【愛知県犬山市 回答】 【照会】PTA入会手続き等の法的見解について照会事項6点
2025年8月28日 17:03
御担当者様
愛知県犬山市教育委員会 主幹兼指導室⻑ [氏名省略] と申します。
この度は貴重な情報提供をありがとうございます。
見出しの件につきまして、下記の通りご回答いたします。
記
1. PTAの入会契約の成立要件に関する法的見解について
PTA組織は任意団体であり、保護者の明示的な申し込みによる意思表示確認とPTAの承諾により入会契約が成立す
ると考えます。犬山市内の学校において明文化が進んでいない学校もあるため、指導していきます。
2. 学校によるPTA会費の徴収行為が無権代理に該当するかについて
該当すると考えます。学校がPTAとの間でPTA会費の徴収業務に関する準委任契約を結び、正式な代理権をもって
PTAを運営すべきと考え、今後も各PTA団体で是正するよう指導していきます。
3. 入会申込書による保護者および教職員の明確な意思確認の必要性について
PTAが任意加入団体であるため、契約の成立には個別の申込書や同意書による明示的な加入の意思確認が必要だと
考えます。しかし、市内の学校では申込書や同意書を集めていない状況であるため、市教育委員会として是正の必要
性を各団体に伝え指導していきます。
4. 個人情報保護法に基づく児童名簿‧連絡個票の利用目的逸脱について
名簿作成や個人情報の取得については使用目的を明示し、その使用目的以外には個人の許可無くその情報を利用で
きないことを指導しております。そのため、学校で使用している名簿等の無断転用がないよう、個人情報を適正に管
理して扱うことの指導を徹底していきます。
5. PTAの運用に関する教育委員会の是正指導責任について
会費徴収や施設使用について不適切な運用がないよう地方教育行政法第10条に基づき、市教育委員会が是正指導
を行う責任があると考えております。
6. 任意加入‧法令遵守が確保されるまでの暫定的措置に関する方針について
法令違反の状態であると懸念されるうちは、教育委員会として是正がされるまでの間、学校による施設提供や会費
徴収への協力をやめる措置を講じる場合もあることを伝え、法的に正しいPTA活動へ是正するよう指導して参りま
す。
犬山市教育委員会教育部学校教育課 主幹兼指導室⻑
[氏名省略]
る教育委員会の見解および対応方針について確認するものです。なお、このメールは
複の旨失礼いたします(以前の回答に誠実にお答えいただいていない市区町村につきましては、再度誠実なご回答を
いただきます)。
め、今回再送しております。重複してしまっている委員様は、ご容赦ください
支える団体であり、学校教育の現場において重要な役割を果たしています。多くの学校では、PTAに対し施設が提供
され、教職員が運営に関与し、会費の代行徴収が行われるなど、学校との一体的な関係が存在しています。加えて、
公文書開示制度においてPTA関連文書が行政文書として開示対象とされている実態も、両者の密接な関与性を裏付け
るものです。
ば、熊本県においては、非加入保護者からの会費徴収に関し返還を求めた裁判が提起され、最終的にPTAが任意加入
であることを周知することが和解条件となった事例があります(出典:朝日新聞デジタル「PTA、入退会は自由」)。
って自動的に保護者を会員とする「みなし入会」が行われているとの情報が寄せられており、保護者の意思表示を欠
く運用が常態化している懸念があります。このような運用は、以下に述べるとおり、複数の法令に抵触する可能性が
あり、学校教育法第137条に定める「学校教育上の支障」にも該当しうる看過できない非常に重大な問題と認識して
おります。
者」とみなされます(同法逐条解説)。契約の成立には、⺠法第522条に基づき保護者の明確な「申込み」とPTAの「
承諾」が必要ですが、みなし入会では保護者の意思表示が存在せず、契約不成立の状態にあります。
ないまま会費を徴収する行為は、同法第4条第2項の「不利益事実の不告知」に該当し、契約の取消事由となります。
さらに、学校徴収金とPTA会費を併せて徴収する行為は、錯誤(⺠法第95条)や不当勧誘(同法第10条)の問題を生
じさせる可能性があります。
法第113条に該当する「無権代理行為」となります。保護者が学校に対して信頼を寄せている状況下で、学校が法的
根拠のないまま徴収行為を行うことは、教育機関として重大な責任問題を招くものです。
ており、学校もPTAと連帯して責任を負う可能性があります。
き個人情報です。これをPTA会費徴収のために目的外で使用することは、個人情報保護法第69条に違反する可能性が
あります。また、PTA入会と情報提供の同意を混同させる運用は、同法第27条の「本人の明確な同意」を欠くため、
適法性を欠きます。
ており、施設利用の許可は校⻑(施設管理責任者)の裁量に委ねられています。
る要因となります。したがって、PTA運用の適正性確保は、学校⻑および教育委員会の法的責務の一環であるといえ
ます。
の信頼関係を損ない、子どもの教育環境に悪影響を及ぼします。これらはすべて、学校教育法第137条が想定する
「支障」に該当する具体的事象といえます。
す場合がありますが、以下の理由からこの適用には重大な疑義があります。
化しており、同法が想定する「地域における自主的団体」とは性質が異なります。
的助言‧是正指導であり、「統制的支配」や「不当な干渉」には該当しません。
運用が学校業務と関係する場合、その是正は監督義務の履行に含まれます。
縮ですが、ご回答くださいますようお願い申し上げます。
す運用が多くの学校で行われています。このような「みなし入会」方式について、⺠法第522条および消費者契約法
に照らし、契約が成立していると判断される法的根拠があるか、教育委員会としての見解をお示しください。
行徴収しているケースがあります。学校が正式な代理権を持たずにPTAの業務を代行している場合、⺠法第113条に
基づく無権代理に該当すると考えられますが、教育委員会はこの点をどのように評価していますか。
考えられます。現在多くの学校で申込書を徴収していない状況について、教育委員会として是正の必要性を認識され
ていますか。
学校が児童名簿や連絡個票を用いてPTA会費の徴収等を行っている実態が、多くの学校で確認されています。これら
の名簿情報は、本来、入学手続きや教育活動のために学校が収集したものであり、保護者の同意なくPTAという外部
団体の金銭徴収業務に転用することは、個人情報保護法第69条(利用目的の制限)に違反するおそれがあります。加
えて、PTA自身が会員の氏名を把握していない状態で、学校が本人同意なしに代理徴収的な行為をしていることは、
情報主体(保護者)の権利を大きく侵害する状況であると考えます。貴教育委員会として、このような運用の違法性
または法令抵触の可能性に対する認識、および是正の必要性や今後の対応方針について、どのようにお考えでしょう
か。明確なご所見をお示しください。
な運用が学校教育の一環と認定される可能性があります。地方教育行政法に基づき、教育委員会が是正指導を行う責
任があるとお考えでしょうか。
は、法令違反の懸念が濃厚です。教育委員会として、是正がなされるまでの間、学校による施設提供や会費徴収への
協力を停止する措置を講じる予定はありますか。
ます:
お願い申し上げます。
の「PTA適切運営のしおり
ご参考になさってくださいませ。"
36,愛知県蒲郡市,愛知県,A,A:照会回答,令和７年１０月１０日,【回答】愛知県蒲郡市.pdf,入会意思確認; みなし加入; 会費徴収・委任; 個人情報・名簿; 教職員関与,https://ptaorg.com/board-responses/36-aichi-gamagori.html,1004,"PTA適正化推進委員会 御中
令和7年10月10日
蒲郡市教育委員会生涯学習課長 [氏名省略]課長
PTA入会に関する法的見解・照会6項目について(回答)
令和7年9月21日付け電子メールにて照会がありました標記の件について、以下のと
おり回答いたします。
記
1 PTAは任意団体であり、その入退会は会員の意志で決められるべきものと考えます。
従って、児童・生徒の入学と同時にPTAへの自動的加入、全員加入を前提とした「みな
し入会」は適切ではないと認識しています。PTA団体には、任意加入の説明と加入意思
の確認が必要であると考えます。
2 PTA会費徴収や預貯金通帳の保管など、PTAに関する業務の一部を学校に委任し
ている場合には、業務委託契約(準委任契約)を作成するなど、PTAから学校へ委任内
容を明確にしておく事が必要であると考えます。
あらかじめ「PTA会費の引き落としを学校に委託することに同意する」ことについて、
入会時など保護者の確認を取る必要があると考えます。
3 1の後段での回答のとおり、PTA団体には、任意加入の説明と加入意思の確認が必要
であると考えます。
4 学校の保有する個人情報をPTAに提供する場合には、事前に保護者の同意を得た上
で個人情報を提供することが原則であると認識しております。
5 PTAは、保護者と教職員がともに協力して、子どもたちのために学校全体の教育活動
を豊かにすることを目的として活動する団体であると考えております。その活動の意義を
ご理解いただいたうえで参加いただきたいと考えており、その運用に関しては適切な運用
がされるべきものと認識しています。PTAは、公の支配に属さない団体で自立した運営が
求められているため、教育委員会といたしましては、団体育成の観点でPTA活動を支援し
ているところです。必要に応じて適切な運用がなされるよう注意を促してまいります。
6 PTAの活動は、学校や地域において全児童・全生徒の健やかな成長のために必要な教
育行政への協力活動を行うことであり、社会教育行政への協力活動を行っているものと考
えます。また、PTAは、学校と家庭、地域社会をつなぐ中核的な役割を担っている面もあ
り、直ちに協力停止措置を講じるという考えはありません。改善すべき点があれば必要な改
善を求めたうえで状況に応じて判断してまいります。"
37,愛知県豊橋市,愛知県,A,A:照会回答,,【回答】愛知県豊橋市.pdf,入会意思確認; 会費徴収・委任; 個人情報・名簿,https://ptaorg.com/board-responses/37-aichi-toyohashi.html,581,"【照会】PTA 入会手続き等の法的見解についての照会事項6項目の
教育委員会としての回答(愛知県豊橋市)
1回答
PTA は任意団体であり、加入にあたっては、関係者一人ひとりの意思が尊重されるべきと
認識しています。このことから、加入に際しては、入会意思の確認は必要であると考えます。
2回答
学校が正式な代理権を持たずにPTAの業務を代行することは適切ではなく、業務委任契
約を結ぶ必要があると考えます。
3回答
PTA は任意団体であり、加入にあたっては、関係者一人ひとりの意思が尊重されるべきと
認識しています。このことから、加入に際しては、入会意思の確認は必要であると考えます。
4回答
保護者本人の同意なく PTA に個人情報の提供等をすることは適切ではないと考えます。今
後におきましても、個人情報が適正に管理されるよう対応してまいります。
5回答
PTA の違法または不適切な運用が学校教育の一環と認定されないよう、引き続き、対応し
てまいります。
6回答
豊橋市立小中学校と各単位 PTA の間で、毎年、年度初めに「業務委任契約書」を作成し、
業務委任契約を結んでいるものと認識しています。また、保護者の意思確認についても、適
切に行われていくよう、あわせて体制づくりが進められていると認識しており、現時点にお
いて措置を講ずる予定はありません。"
38,愛知県豊田市,愛知県,A,A:照会回答,,【回答】豊田市.pdf,入会意思確認; みなし加入; 会費徴収・委任; 個人情報・名簿; 教職員関与; 学校施設利用; 教委指導・是正,https://ptaorg.com/board-responses/38-aichi-toyota.html,2073,"1 PTAの入会契約の成立要件に関する法的見解について
(照会事項)保護者の明示的な申込み意思表示とPTAの承諾がないまま、学校側が児童の入学
をもって一律に「会員」とみなす運用が多くの学校で行われています。このような「みなし
入会」方式について、民法第522条および消費者契約法に照らし、契約が成立していると
判断される法的根拠があるか、教育委員会としての見解をお示しください。
(別添)
(回答)PTAは、任意加入の団体であるため、入会については各保護者の意思で決められるも
のです。したがって、各保護者の入会の意思を確認することが必要と考えます。
2 学校によるPTA会費の徴収行為が無権代理に該当するかについて
(照会事項)学校がPTAとの間でPTA会費の徴収業務に関する準委任契約を結ばずに、慣例的
に児童名簿等を用いて会費を代行徴収しているケースがあります。学校が正式な代理権を持
たずにPTAの業務を代行している場合、民法第113条に基づく無権代理に該当すると考え
られますが、教育委員会はこの点をどのように評価していますか。
(回答)学校に委任する事務の範囲及び権限を明らかにし、学校とPTAの間で委任契約を締結
することが必要と考えます。
3 入会申込書による保護者および教職員の明確な意思確認の必要性について
(照会事項)PTAが任意加入団体である以上、契約の成立には個別の申込書や同意書による明
示的な加入意思の確認が必要と考えられます。現在多くの学校で申込書を徴収していない状
況について、教育委員会として是正の必要性を認識されていますか。
(回答)個別の意思確認が必要であるため、適正な入会手続を行うよう改善要請をしていま
す。
4 個人情報保護法に基づく児童名簿・連絡個票の利用目的逸脱について
(照会事項)PTAが入会申込書を取得しておらず、申し込んだ保護者・教職員が誰であるかを
特定・管理していない状態で、学校が児童名簿や連絡個票を用いてPTA会費の徴収等を行っ
ている実態が、多くの学校で確認されています。これらの名簿情報は、本来、入学手続きや
教育活動のために学校が収集したものであり、保護者の同意なくPTAという外部団体の金銭
徴収業務に転用することは、個人情報保護法第69条(利用目的の制限)に違反するおそれ
があります。加えて、PTA自身が会員の氏名を把握していない状態で、学校が本人同意なし
に代理徴収的な行為をしていることは、情報主体(保護者)の権利を大きく侵害する状況で
あると考えます。貴教育委員会として、このような運用の違法性または法令抵触の可能性に
対する認識、および是正の必要性や今後の対応方針について、どのようにお考えでしょう
か。明確なご所見をお示しください。
(回答)学校からPTAへの個人情報の提供は、個人情報の保護に関する法律の上では、目的外
提供に当たるため、あらかじめ本人の同意を得るよう改善要請をしています。
5 PTAの運用に関する教育委員会の是正指導責任について
(照会事項)学校がPTAと一体的に関与し、会費徴収や施設使用を支援している実態を踏まえ
れば、PTAの違法または不適切な運用が学校教育の一環と認定される可能性があります。地
方教育行政法に基づき、教育委員会が是正指導を行う責任があるとお考えでしょうか。
(回答)違法又は不適切な運用がなされないよう、必要な情報提供又は助言を行う必要がある
と考えます。
6 任意加入・法令遵守が確保されるまでの暫定的措置に関する方針について
(照会事項)PTAが保護者の意思確認を適切に行わず、会員名簿すら把握しないまま会費徴収
や施設利用を継続している状態は、法令違反の懸念が濃厚です。教育委員会として、是正が
なされるまでの間、学校による施設提供や会費徴収への協力を停止する措置を講じる予定は
ありますか。
(回答)法令違反に該当する事実があれば、適切に対応して参ります。
7 学校と PTA の独立性に関する貴委員会の整理・運用状況
(照会事項)PTA は社会教育関係団体であり、学校とは別団体であると認識しております。一
方で現場では、学校が PTA 入会勧誘の支援、会費徴収の代行、会計管理等に関与している事
例も見受けられます。これらが業務時間内に行われる場合、公務か、または職務専念義務の
免除(職専免)かが問題となり得ます。つきましては、貴委員会管轄内での取扱いについて該
当するものに✔をお願いいたします。
(回答)特に定めていません(4)。
8 上記が「1. 関与が全くない」以外の場合の根拠
(照会事項)上記2〜5に該当する場合、市民の税金または教職員の公的時間を用いて第三者
団体である PTA に関与することになります。その適法性および運用根拠(例:法令・条例・
規則・通知・通達・内規・答申・監査結果等)がございましたら、以下の形式でご教示くださ
い。
(回答)法令等は特にありません。
以上"
39,新潟県魚沼市,新潟県,A,A:照会回答,,【回答】新潟県魚沼市.pdf,入会意思確認; 会費徴収・委任; 個人情報・名簿; 教職員関与; 学校施設利用; 教委指導・是正,https://ptaorg.com/board-responses/39-niigata-uonuma.html,555,"【回答・新潟県魚沼市】 PTA入会に関する法的見解・照会 6 項目
PTA適正化推進委員会 御中新潟県魚沼市教育委員会事務局学校教育課が、照会の件につきまして回答いたします。
1.PTAの入会契約の成立要件に関する法的見解についてつ PTAの入会には、保護者の申込みとPTAの承諾が望ましいと考えます。
2.学校によるPTA会費の徴収行為が無権代理に該当するかについてつ無権代理に該当すると考えます。
3.入会申込書による保護者および教職員の明確な意思確認の必要性についてつ入会申込書の提出が望ましいと考えます。
4.個人情報保護法に基づく児童名簿・連絡個票の利用目的逸胸についてつ個人情報を収集する際は、利用目的を明示し、目的外での使用とならないよう指導していきたいと思います。
5.PTAの運用に関する教育委員会の是正指導責任について
6.任意加入・法令遵守が確保されるまでの暫定的措置に関する方針についてー PTAが学校施設を利用するためにも、PTAの適切な運用について指導していきたいと思います。
以上、御確認ください。
ののCOのOOOぐOOのOOのOOのOOのOOのぐOOのOO〇OO〇OOの〇のOぐOOのの
【魚沼市教育委員会事務局学校教育課
COOOOOOOOOOOOOOOOOOOOOOOOO"
40,東京都三鷹市,東京都,A,A:照会回答,2025/09/04,【回答】東京都三鷹市.pdf,入会意思確認; 会費徴収・委任; 個人情報・名簿; 教職員関与; 学校施設利用; 教委指導・是正,https://ptaorg.com/board-responses/40-tokyo-mitaka.html,1615,"【照会】PTA入会手続き等の法的見解について照会事項6点
2025年8月25日 17:17
PTA適正化推進委員会
このたびはお問い合わせいただきありがとうございます。
お問い合わせについて、以下のとおり回答いたします。
なお、ご回答の前提として、照会メールにおいては三鷹市の各PTAについて、具体的な法令への違反状
態や不適切な状況を具体的に指摘したものではないことから、当方としても一般論としてお答えさせて
いただきます。
また、本回答内容についてウェブサイトやSNS等への無断転載はしないようにお願いいたします。
1.PTAの入会契約の成立要件に関する法的見解について
⺠法第522条の契約の成立要件を満たす必要があると考えています。
また、消費者契約法上の取消事由に該当する場合、消費者は取消を行うことが可能と考えます。
もとよりPTA活動は任意の自主的なものであることから、法に基づく取消事由がなくとも、PTAからの
退会は可能と考えています。
2.学校によるPTA会費の徴収行為が無権代理に該当するかについて
当市では学校がPTA会費を徴収しているケースはないと認識しています。そのため、この点に関して検
討したことはないことから、回答はいたしかねます。
なお、本市における具体的な事実に基づかない仮定の質問や一般論に係る質問につきましては、以後回
答いたしかねますので、ご承知おきください。
3.入会申込書による保護者及び教職員の明確な意思確認の必要性について
どのような形態、名称を用いるかは各PTAにおいて判断されるべきと考えますが、1で述べたとおり、
⺠法第522条の契約の成立要件を満たす必要があると考えています。
なお、⺠法第522条に関して言えば、口頭でも契約は成立し得るものとされています(⺠法第522条2
項)。
4.個人情報保護法に基づく児童名簿‧連絡個票の利用目的逸脱について
「学校が児童名簿や連絡個票を用いてPTA会費の徴収等を行っている実態が、多くの学校で確認されて
います」とのご指摘ですが、当市ではこのような事実はないと認識しています。
5.PTAの運用に関する教育委員会の是正指導責任について
当市の各校PTAにおいては、会費徴収はPTAが行っており、一体的に関与している状況ではないと認識
しています。そのため、PTA活動が学校教育の一環と認定することは困難であると考えます。
なお、学校教育法第137条、教育基本法第16条については直接の指導の根拠となる条文とは解して
おりません。また、地方教育行政の組織及び運営に関する法律第23条は地方公共団体の⻑と教育委員
会の職務権限に関する特例について規定する条文、第24条は事務処理の法令準拠について規定する条
文であり、ご提示のような条文内容ではないと認識しています。一方で、地方教育行政の組織及び運営
に関する法律第21条第1号、第2号に基づく管理権限を有することから、学校運営に違法または不適
切な状況があれば、これらに基づき指導することが可能であると考えます。
6.任意加入‧法令遵守が確保されるまでの暫定的措置に関する方針について
当市の各校PTAでは、PTAにおいて会員情報を収集し、名簿を把握していることから、ご指摘の措置を
講じる必要はないと考えます。
なお、「法令違反の懸念」とのことですが、具体的な法令が不明であり、このようなきわめて抽象的な
指摘等につきましても、以後回答いたしかねます。
7.求められる対応に関する見解
当市ではすでに、PTA活動が任意の自主的なものであることを踏まえた対応や、個人情報保護法等の法
令遵守について各学校への指導及び各PTAに対する周知啓発を行っており、引き続き、適切な対応がな
されるよう取り組んでまいります。
どうぞよろしくお願いいたします。
三鷹市教育委員会地域学校協働課"
41,東京都中央区,東京都,A,A:照会回答,,【回答】東京都中央区.pdf,入会意思確認; みなし加入; 会費徴収・委任; 個人情報・名簿; 教職員関与; 学校施設利用; 教委指導・是正,https://ptaorg.com/board-responses/41-tokyo-chuo.html,1690,"【照会】PTA入会手続き等の法的見解について照会事項 6 点の回答について
PTA適正化推進委員会 御中
REOHBOELK SE 点につきまして、下記のとおり回答いたします。
回答に時間がかかりましたこと、お詫びいたします。
1.PTAの入会契約の成立要件に関する法的見解について保護者の明示的な申込み意思表示とPTAの承諾がないまま、学校側が児童の入学をもって一律に「会員」とみなす運用が多くの学校で行われています。このような「みなし入会」方式について、民法第522条および消費者契約法に照らし、契約が成立していると判断される法的根拠があるか、教育委員会としての見解をお示しください。
(回答)
PTAへの入会の成立には、双方の意思表示の合致が必要と考えます。
2.学校によるPTA会費の徴収行為が無権代理に該当するかについて学校がPTAとの間でPTA会費の徴収業務に関する準委任契約を結ばずに、慣例的に児童名簿等を用いて会費を代行徴収しているケースがあります。 学校が正式な代理権を持たずにPTAの業務を代行している場合、民法第113条に基づく無権代理に該当すると考えられますが、教育委員会はこの点をどのように評価していますか。
(回答)
仮に、PTA会費の徴収業務を学校が代行する場合には、準委任契約が必要と考えます。
3.入会申込書による保護者および教職員の明確な意思確認の必要性について
PTAが任意加入団体である以上、契約の成立には個別の申込書や同意書による明示的な加入意思の確認が必要と考えられます。 現在多くの学校で申込書を徴収していない状況について、教育委員会として是正の必要性を認識されていますか。
(回答)
PTAの入会にあたっては、いずれかの方法による明示的な入会の意思表示が必要と考えます。
4.個人情報保護法に基づく児童名簿・連絡個票の利用目的逸脱について
PTAが入会申込書を取得しておらず、申し込んだ保護者・教職員が誰であるかを特定・管理していない状態で、学校が児童名簿や連絡個票を用いてPTA会費の徴収等を行っている実態が、多くの学校で確認されています。これらの名簿情報は、本来、入学手続きや教育活動のために学校が収集したものであり、 保護者の同意なくPTAという外部団体の金銭徴収業務に転用することは、個人情報保護法第69条 (利用目的の制限) に違反するおそれがあります。加えて、PTA自身が会員の氏名を把握していない状態で、学校が本人同意なしに代理徴収的な行為をしていることは、情報主体 (保護者) の権利を大きく侵害する状況であると考えます。貴教育委員会として、このような運用の違法性または法令抵触の可能性に対する認識、および是正の必要性や今後の対応方釘について、どのようにお考えでしょうか。 明確なご所見をお示しください。
(回答)
学校が取得した個人情報を本人の同意なしに目的外に使用又は提供することは、個人情報保護法に違反するものと認識しています。 学校が保有する個人情報については、個人情報保護法に基づく適正な取り扱いを指導しています。
5.PTAの運用に関する教育委員会の是正指導責任について学校がPTAと一体的に関与し、会費徴収や施設使用を支援している実態を踏まえれば、PTAの違法または不適切な
(回答)
教育委員会ではPTAの任意団体としての自主性を尊重しつつ、学校やPTA連合会を通じて、必要な情報の提供・助言を行っています。
6.任意加入・法令遵守が確保されるまでの暫定的措置に関する方針について
PTAが保護者の意思確認を適切に行わず、会員名簿すら把握しないまま会費徴収や施設利用を継続している状態は、法令違反の懸念が濃厚です。教育委員会として、是正がなされるまでの間、学校による施設提供や会費徴収への協力を停止する措置を講じる予定はありますか。
(回答)
現時点において、学校による施設提供や会費徴収への協力を停止する措置の予定はありません。
ith
中央区教育委員会事務局庶務課庶務係[所在地省略]"
42,東京都多摩市,東京都,A,A:照会回答,2025/09/12,【回答】東京都多摩市.pdf,入会意思確認; 会費徴収・委任; 個人情報・名簿; 教職員関与; 学校施設利用; 教委指導・是正,https://ptaorg.com/board-responses/42-tokyo-tama.html,1719,"【回答】PTA入会手続き等の法的見解について照会事項6点
PTA適正化推進委員会
2025年9月9日
15:00
こちらは多摩市教育委員会教育指導課です。
お問合せいただきました照会事項について、下記の通り回答いたします。
1. PTAの入会契約の成立要件に関する法的見解について
保護者の明示的な申込み意思表示とPTAの承諾がないまま、学校側が児童の入学を
もって一律に「会員」とみなす運用が多くの学校で行われています。このような「み
なし入会」方式について、⺠法第522条および消費者契約法に照らし、契約が成立し
ていると判断される法的根拠があるか、教育委員会としての見解をお示しください。
【回答】
PTAは任意の団体であることから、入会について、各保護者の入会の意思を確認する
ことは必要であると考えます。
2. 学校によるPTA会費の徴収行為が無権代理に該当するかについて
学校がPTAとの間でPTA会費の徴収業務に関する準委任契約を結ばずに、慣例的に
児童名簿等を用いて会費を代行徴収しているケースがあります。学校が正式な代理権
を持たずにPTAの業務を代行している場合、⺠法第113条に基づく無権代理に該当す
ると考えられますが、教育委員会はこの点をどのように評価していますか。
【回答】
多摩市公立学校における私費負担金会計取扱要綱では、私費会計を徴収する場合は、
委任等に基づき徴収するものと定めていることから、委任が必要であると考えます。
3. 入会申込書による保護者および教職員の明確な意思確認の必要性について
PTAが任意加入団体である以上、契約の成立には個別の申込書や同意書による明示
的な加入意思の確認が必要と考えられます。現在多くの学校で申込書を徴収していな
い状況について、教育委員会として是正の必要性を認識されていますか。
【回答】1の回答のとおりです。
4. 個人情報保護法に基づく児童名簿‧連絡個票の利用目的逸脱について
PTAが入会申込書を取得しておらず、申し込んだ保護者‧教職員が誰であるかを特
定‧管理していない状態で、学校が児童名簿や連絡個票を用いてPTA会費の徴収等を
行っている実態が、多くの学校で確認されています。これらの名簿情報は、本来、入
学手続きや教育活動のために学校が収集したものであり、保護者の同意なくPTAとい
う外部団体の金銭徴収業務に転用することは、個人情報保護法第69条(利用目的の制
限)に違反するおそれがあります。加えて、PTA自身が会員の氏名を把握していない
状態で、学校が本人同意なしに代理徴収的な行為をしていることは、情報主体(保護
者)の権利を大きく侵害する状況であると考えます。貴教育委員会として、このよう
な運用の違法性または法令抵触の可能性に対する認識、および是正の必要性や今後の
対応方針について、どのようにお考えでしょうか。明確なご所見をお示しください。
【回答】個人情報の取扱いについては、PTAに関わる内容に限らず、学校に対して適
切に対応するように指導しており、引き続き指導してまいります。
5. PTAの運用に関する教育委員会の是正指導責任について
学校がPTAと一体的に関与し、会費徴収や施設使用を支援している実態を踏まえれ
ば、PTAの違法または不適切な運用が学校教育の一環と認定される可能性がありま
す。地方教育行政法第10条に基づき、教育委員会が是正指導を行う責任があるとお考
えでしょうか。
6. 任意加入‧法令遵守が確保されるまでの暫定的措置に関する方針について
PTAが保護者の意思確認を適切に行わず、会員名簿すら把握しないまま会費徴収や
施設利用を継続している状態は、法令違反の懸念が濃厚です。教育委員会として、是
正がなされるまでの間、学校による施設提供や会費徴収への協力を停止する措置を講
じる予定はありますか。
【回答】
会費徴収‧施設使用が適正に行われるように各校に対して指導してまいります。
各校及び各PTAの実態に応じた適正な運営が行われるよう、指導等について努めてま
いります。
多摩市教育委員会 教育指導課"
43,東京都町田市,東京都,A,A:照会回答,,東京都町田市.pdf,入会意思確認; みなし加入; 会費徴収・委任; 個人情報・名簿; 教職員関与; 学校施設利用; 教委指導・是正,https://ptaorg.com/board-responses/43-tokyo-machida.html,2035,"【町田市】 PTA入会に関する法的見解・照会 6 項目
PTA適正化推進委員会 御中東京都町田市教育委員会生涯学習総務課です。
標記の件につきまして、下記のとおり回答いたします。
よろしくお願いいたします。
1.PTAの入会契約の成立要件に関する法的見解について保護者の明示的な申込み意思表示とPTAの承諾がないまま、 学校側が児童の入学をもって一律に「会員」とみなす運用が多くの学校で行われています。このような「みなし入会」方式について、民法第
522条および消費者契約法に照らし、契約が成立していると判断される法的根拠があるか、教育委員会としての見解をお示しください。
【回答】
PTAの加入にあたっては各会員の加入意思の確認が必要であると考えており、
このことについて、各PTA会長及び各校長に対して適切に行うよう通知しています。
2.学校によるPTA会費の徴収行為が無権代理に該当するかについて学校がPTAとの間でPTA会費の徴収業務に関する準委任契約を結ばずに、慣例的に児童名簿等を用いて会費を代行徴収しているケースがあります。 学校が正式な代理権を持たずにPTAの業務を代行している昌合、民法第113条に基づく無権代理に該当すると考えられますが、教育和要員会はこの点をどのように評価していますか。
【回答】
会費の徴収は法令を遵守して行う必要があると考えており、
このことについて、各PTA会長及び各校長に対して適切に行うよう通知しています。
3.入会申込書による保護者および教職員の明確な意思確認の必要性について
PTAが任意加入団体である以上、契約の成立には個別の申込書や同意書による明示的な加入意思の確認が必要と考えられます。 現在多くの学校で申込書を徴収していない状況について、教育委員会として是正の必要性を認識されていますか。
【回答】
PTAの加入にあたっては各会員の加入意思の確認が必要であると考えており、
このことについて、各PTA会長及び各校長に対して適切に行うよう通知しています。
4.個人情報保護法に基づく児童名澄・連絡個杜の利用目的逸脱について
PTAが入会申込書を取得しておらず、申し込んだ保護者・教職員が誰であるかを特定・管理していない状態で、学校が児童名簿や連絡個票を用いてPTA会費の徴収等を行っている実態が、多くの学校で確認されています。これらの名簿情報は、本来、入学手続きや教育活動のために学校が収集したものであり、保護者の同意なくPTAという外部団体の金銭徴収業務に転用することは、個人情報保護法第69条
(利用目的の制限) に違反するおそれがあります。加えて、PTA自身が会員の氏名を把握していない状態で、学校が本人同意なしに代理徴収的な行為をしていることは、情報主体 (保護者) の権利を大きく太害する状況であると考えます。貴教育委員会として、このような運用の違法性または法令抵触の可能性に対する認識、および是正の必要性や今後の対応方針について、どのようにお考えでしょうか。 明確なご所見をお示しください。
【回答】
児童・生徒等の個人情報の利用にあたっては保護者等の同意が必要であると考えており、
のことについて、各PTA会長及び各校長に対して適切に行うよう通知しています。
5.PTAの運用に関する教育委員会の是正指導責任について学校がPTAと一体的に関与し、会費徴収や施設使用を支援している実態を踏まえれば、PTAの違法または不適切な運用が学校教育の一環と認定される可能性があります。地方教育行政法に基づき、教育委員会が是正指導を行う責任があるとお考えでしょうか。
【回答】
入会手続きや会費の徴収は適切に行われる必要があると考えており、
このことについて、各PTA会長及び各校長に対して適切に行うよう通知しています。
6.任意加入・法令遵守が確保されるまでの暫定的措置に関する方針について
PTAが保護者の意思確認を適切に行わず、会員名簿すら把握しないまま会費徴収や施設利用を継続している状態は、法令違反の懸念が濃厚です。教育委員会として、是正がなされるまでの間、学校教育法第
1 3 7 条を法的根拠として学校による施設提供や会費徴収への協力を停止する措置を講じる予定はあり
ETD. (同条冒頭の「教育上支障のない限り」との関係では、PTA入会が「みなし加入」等により民法522条・消費者契約法の観点から契約の成立に疑義があり、消費者 (保護者・教員) による錯誤無効や不当利得返還・損害賠償の主張が生じ得るような運用は、教育上の支障に該当する薔然性が高い)
【回答】
入会手続きや会費の徴収は適切に行われる必要があると考えており、
このことについて、各PTA会長及び各校長に対して適切に行うよう通知しています。
今後も運用が適切に行われるよう努めてまいります。
町田市教育委員会生涯学習部生涯学習総務課"
44,栃木県さくら市,栃木県,A,A:照会回答,2025/09/04,【回答】栃木県さくら市.pdf,入会意思確認; みなし加入; 会費徴収・委任; 個人情報・名簿; 教職員関与; 学校施設利用; 教委指導・是正,https://ptaorg.com/board-responses/44-tochigi-sakura.html,3307,"Re: Fw: 【照会】PTA入会手続き等の法的見解について照会事項6点
2025年8月6日 9:40
PTA適正化推進委員会
お世話になっております。
さくら市学校教育課の[氏名省略]と申します。
この度は、貴委員会よりお寄せいただきましたPTAの運用に関する詳細な資料を拝読し、
深く感謝申し上げます。
PTAが学校教育において果たす重要な役割や、現在直面している法的課題について、
具体的かつ明確にご指摘いただきましたことに対し、敬意を表します。
いただきました内容を踏まえ、以下にお答え申し上げます。
1. PTAの入会契約の成立要件に関する法的見解について
貴委員会からの問いかけについて、明確な意思表示がないま「みなし入会」とされる現状については、
契約の成立要件を満たしていない可能性が高いと理解しております。
この点について、教育委員会としても法令遵守を徹底する観点から、
より多くの検討を行う必要があると認識しております。
2. 無権代理のケースに関する評価
学校がPTA会費の徴収を代行する場合、適切な委任契約がない限り、
無権代理に該当する恐れがあるとのご指摘は、極めて重要です。この点についても、
教育委員会内での議論を通じて、適切な方針を検討する必要があります。
3. 明確な意思確認の必要性について
PTAが任意加入団体であることを踏まえ、個別に申込書を徴収する必要性に関しても、
教育的観点から是正が求められる状態と捉えております。
4. 個人情報保護法に基づく適正な利用について
PTAが情報収集を行う際の適正な運用について、教育委員会としても今後の対応を検討し、
指導が必要であるとの認識を持っております。
5. 是正指導の責任について
PTAの運用が学校教育の一環として認められる場合、教育委員会の是正指導責任が生じるとのご指摘は、
今後の方針形成において重要な要素となると考えております。
6. 暫定的措置について
PTAが法令に則った運用を行うまでの間、行政としてどのような措置が適当か、
引き続き議論を重ねてまいります。
貴重なご意見をいただき、誠にありがとうございました。これらの問題に対し、
教育委員会として早急に取り組むことが求められていると察しております。
引き続き、どうぞよろしくお願い申し上げます。
敬具
CC:
日時:2025年08月04日(月) 09:02(+0900)
u
a
city.kasumigaura.lg.jp,ga
k
p
i
c
,
k
b
u
a
,
a
.
w
i
k
t
o
j
b
i
t
m
.
o
b
o
c
i
d
u
に対する教育委員会の見解および対応方針について確認するものです。なお、このメールは関東一都6県約280市
区町村に一⻫メールしております。以前すでにご回答いただいている市町村に置かれましては、重複の旨失礼いたし
ます(前回のご回答が不十分であったと考える市区町村におかれましては、再度のご回答を要請いたします)。
える団体であり、学校教育の現場において重要な役割を果たしています。多くの学校では、PTAに対し施設が提供さ
れ、教職員が運営に関与し、会費の代行徴収が行われるなど、学校との一体的な関係が存在しています。加えて、公
文書開示制度においてPTA関連文書が行政文書として開示対象とされている実態も、両者の密接な関与性を裏付ける
ものです。
ば、熊本県においては、非加入保護者からの会費徴収に関し返還を求めた裁判が提起され、最終的にPTAが任意加入
であることを周知することが和解条件となった事例があります(出典:朝日新聞デジタル「PTA、入退会は自由」)。
って自動的に保護者を会員とする「みなし入会」が行われているとの情報が寄せられており、保護者の意思表示を欠
く運用が常態化している懸念があります。このような運用は、以下に述べるとおり、複数の法令に抵触する可能性が
あり、学校教育法第137条に定める「学校教育上の支障」にも該当しうる看過できない非常に重大な問題と認識して
おります。
とみなされます(同法逐条解説)。契約の成立には、⺠法第522条に基づき保護者の明確な「申込み」とPTAの「承
諾」が必要ですが、みなし入会では保護者の意思表示が存在せず、契約不成立の状態にあります。
いまま会費を徴収する行為は、同法第4条第2項の「不利益事実の不告知」に該当し、契約の取消事由となります。さ
らに、学校徴収金とPTA会費を併せて徴収する行為は、錯誤(⺠法第95条)や不当勧誘(同法第10条)の問題を生じ
させる可能性があります。
第113条に該当する「無権代理行為」となります。保護者が学校に対して信頼を寄せている状況下で、学校が法的根
拠のないまま徴収行為を行うことは、教育機関として重大な責任問題を招くものです。
ており、学校もPTAと連帯して責任を負う可能性があります。
き個人情報です。これをPTA会費徴収のために目的外で使用することは、個人情報保護法第69条に違反する可能性が
あります。また、PTA入会と情報提供の同意を混同させる運用は、同法第27条の「本人の明確な同意」を欠くため、
適法性を欠きます。
おり、施設利用の許可は校⻑(施設管理責任者)の裁量に委ねられています。
る要因となります。したがって、PTA運用の適正性確保は、学校⻑および教育委員会の法的責務の一環であるといえ
ます。
の信頼関係を損ない、子どもの教育環境に悪影響を及ぼします。これらはすべて、学校教育法第137条が想定する
「支障」に該当する具体的事象といえます。
す場合がありますが、以下の理由からこの適用には重大な疑義があります。
しており、同法が想定する「地域における自主的団体」とは性質が異なります。
的助言‧是正指導であり、「統制的支配」や「不当な干渉」には該当しません。
切な運用が学校業務と関係する場合、その是正は監督義務の履行に含まれます。
縮ですが、ご回答くださいますようお願い申し上げます。
運用が多くの学校で行われています。このような「みなし入会」方式について、⺠法第522条および消費者契約法に
照らし、契約が成立していると判断される法的根拠があるか、教育委員会としての見解をお示しください。
徴収しているケースがあります。学校が正式な代理権を持たずにPTAの業務を代行している場合、⺠法第113条に基
づく無権代理に該当すると考えられますが、教育委員会はこの点をどのように評価していますか。
考えられます。現在多くの学校で申込書を徴収していない状況について、教育委員会として是正の必要性を認識され
ていますか。
校が児童名簿や連絡個票を用いてPTA会費の徴収等を行っている実態が、多くの学校で確認されています。これらの
名簿情報は、本来、入学手続きや教育活動のために学校が収集したものであり、保護者の同意なくPTAという外部団
体の金銭徴収業務に転用することは、個人情報保護法第69条(利用目的の制限)に違反するおそれがあります。加え
て、PTA自身が会員の氏名を把握していない状態で、学校が本人同意なしに
代
員会として、このような運用の違法性または法令抵触の可能性に対する認識、および是正の必要性や今後の対応方針
について、どのようにお考えでしょうか。明確なご所見をお示しください。
運用が学校教育の一環と認定される可能性があります。地方教育行政法第10条に基づき、教育委員会が是正指導を行
う責任があるとお考えでしょうか。
は、法令違反の懸念が濃厚です。教育委員会として、是正がなされるまでの間、学校による施設提供や会費徴収への
協力を停止する措置を講じる予定はありますか。
す:
お願い申し上げます。
◆◇◆◇◆◇◆◇◆◇◆◇◆◇◆◇◆◇◆◇◆◇◆◇◆◇◆◇
さくら市教育委員会
学校教育課 主幹兼課⻑補佐 [氏名省略]
◆◇◆◇◆◇◆◇◆◇◆◇◆◇◆◇◆◇◆◇◆◇◆◇◆◇◆◇"
45,栃木県日光市,栃木県,A,A:照会回答,,【回答】栃木県日光市.pdf,入会意思確認; 会費徴収・委任; 個人情報・名簿; 教職員関与; 教委指導・是正,https://ptaorg.com/board-responses/45-tochigi-nikko.html,871,"hi Gmail
【回答】 PTA入会手続き等の法的見解について (栃木県日光市)
【回答】PTA入会手続き等の法的見解について (栃木県日光市)
2025年10月10日 14:35
PTA適正化推進委員会 御中日光市教育委員会お問合せいただきました『PTA入会手続き等の法的見解について照会事項 6 点」につきまして、当市の考え方を下記のとおり回答させていただきます。
記
1. PTAの入会契約の成立要件に関する法的見解についてます。
PTAは任意団体ですので、保護者からの入会申込みを受け、その申込みを承諾することで契約が成立すると考え
2. 学校によるPTA会費の徴収行為が無権代理に該当するかについて
PTAと学校が明確な契約関係・代理権の授与がない場合ます。
学校による会費徴収は「無権代理」に該当すると考え
3. 入会申込書による保護者及び教職員の明確な意思確認の必要性について
PTAへの入会時に、事前に保護者や教職員個々の意思を確認することが必要であると考えます。
4 . 個人情報保護法に基づく児童生徒名簿や連絡個票の利用目的の逸脱について学校が集めた児童生徒の名簿や連絡情報をPTAの運営等に使用する場合には、利用目的を明示し、本人 (保護者)
の同意を得ている必要があると考えます。
FR
5. PTAの運用に関する教育委員会の是正指導責任について
Ba
教育委員会は、学校運営に関する監督責任や指導責任を有していますので、PTAが非任意的な運営や会費微収に関する問題がある場合、学校に対して是正指導を行う責任があると考えます。
6. 任意加入・法令順守が確保されるまでの暫定的措置に関する方針についててまいります。
場合には適切な管理を指導してまいります。
PTAが任意加入であることを保護者に対して説明し、新規入学時等においては、入会申込書を設けるよう指導しまた、PTA運営の会計や意思決定について透明性を確保し、学校が保有する名簿や情報をPTA運営に利用する
(担当) 日光市教育委員会事務局学校教育課[氏名省略]"
46,椎葉村教育委員会,宮崎県,A,A:照会回答,,【回答】椎葉村教育委員会.pdf,入会意思確認; 会費徴収・委任; 個人情報・名簿; 教職員関与; 学校施設利用; 教委指導・是正,https://ptaorg.com/board-responses/46-miyazaki-shiiba.html,1346,"令和7年9月25日
PTA適正化推進委員会 御中椎葉村教育委員会教育長[氏名省略]
PTA加入の任意性確保に関する課題と提言について (回答)
貴団体からのメール内容を拝読しましたので、本村の実情を考慮して回答します。
回答の前に、本村の実情を知っていただきたいと思います。
本村には、小学校が5校、中学校が 1 校です。 どの学校も小規模校で6校とも宮崎県のへき地校指定です。多い小学校でも全校児童が、5 0人足らず、少ない学校では4人という規模です。中学校は、5 2 名です。村人は、子供のころから顔見知りでほとんどの大人同士が、知らない人はいないというそんな村です。また、「子どもは地域で育てる」という気風が苦からあり、学校と村人の関係はとても良好です。
このことを踏まえて、以下のことに回答します。
1 PTAの入会契約の成立要件に関する法的見解について
(回答)
正直に申し上げて、本村では貴団体の見解にあるようなことは考えたことがないし保護者から話があったこともありませんでした。 保護者 (村民) みんなが、昔からやっていることをそのまま行っていることに違和感をもつ方はいないと思います。
ただ、貴団体の見解は理解できますので、 1 1月のPTA連絡協議会で提案して個々の考えを紙面をもって提出していただこうと思います。
2 学校ににるPTAム会費の徴収行為が無権代理に該当するかについて
(回答)
本村の場合は、現役のPTA会員はもちろん一般の村民も準PTA会員としてPTA会費を支払っています。もちろん皆さん納得済みです。徴収については区費等と併せて、各区単位で組合長が行っています。 徴収後、PエTA会費のみを組合長が当該学校の教頭先生に渡しています。
貴団体の見解にあるように、最終的に教頭先生に渡すことに問題がなあると考えますので、 1 1月のPT連絡協議会で提案します。
3 入会申込書による保護者および教職員の明確な意思確認の必要性について
(回答)
必要性を感じるので、 1 1月のPT連絡協議会で提案します。
4 個人情報保護法に基づく児童名簿・連絡個票の利用目的逸脱について
(回答)
先に既述したように、本村の給食費徴収は区長代理の組合長が区の名和島をもとに全世帯から行っていますのでこのことについては違法性がないものと考えます。ただし徴収後は、PTA会計に渡せるような流れをつくりたいと思います。
5 PTAの運用に関する教育委員会の是正指導責任について
(回答)
本村においては、学校等の施設使用についてはその都度、学校に申請を行い適正に使用していると考えます。貴団体が指摘されるような施設使用があれば、学校及び保護者に指導し、是正したいと思います。
6 任意加入・法令遵守が確保されるまでの暫定手措置に関する方針について
(回答)
本村では、現在のところ会費徴収については違法ではないと考えます。ただし、敏収後は、各校PエTA会計担当者に渡すようにします。その他の法令遵守にっいては、
これまで記述してきましたように違法性はないものと考えています。
今回指摘していただいた視点で、改めて見直しを行い指導や是正が必要な場合には法に則って進めたいと思います。"
47,沖縄県座間味村,沖縄県,A,A:照会回答,2025/08/29,【回答】沖縄県座間味村.pdf,入会意思確認; みなし加入; 会費徴収・委任; 個人情報・名簿; 教職員関与; 学校施設利用; 教委指導・是正,https://ptaorg.com/board-responses/47-okinawa-zamami.html,2132,"【照会】PTA入会手続き等の法的見解について照会事項6点
2025年8月28日 16:03
PTA適正化推進委員会
いつもお世話になっております。
教育委員会の遠藤です。
照会事項6項について回答いたします。
1. PTAの入会契約の成立要件に関する法的見解について
保護者の明示的な申込み意思表示とPTAの承諾がないまま、学校側が児童の入学をもって一律
に「会員」とみなす運用が多くの学校で行われています。このような「みなし入会」方式につい
て、⺠法第522条および消費者契約法に照らし、契約が成立していると判断される法的根拠があ
るか、教育委員会としての見解をお示しください。
回答:⺠法522用条に基づく契約成立には「明確な意思表示の合致」が必要であり、「みなし入
会」だけで契約成立を認める明確な法的根拠は存在せず、⺠法522条‧消費者契約法の観点から
も否定的に解される。
2. 学校によるPTA会費の徴収行為が無権代理に該当するかについて
学校がPTAとの間でPTA会費の徴収業務に関する準委任契約を結ばずに、慣例的に児童名簿等
を用いて会費を代行徴収しているケースがあります。学校が正式な代理権を持たずにPTAの業務
を代行している場合、⺠法第113条に基づく無権代理に該当すると考えられますが、教育委員会は
この点をどのように評価していますか。
回答:学校によるPTAからの明確な代理権付与がなければ無権代理に該当し得る。また、公務員
が私的団体の会費徴収を行うことの適否は行政監査上も問題視されており、法的にもグレーな実
務だと考える。
3. 入会申込書による保護者および教職員の明確な意思確認の必要性について
PTAが任意加入団体である以上、契約の成立には個別の申込書や同意書による明示的な加入意
思の確認が必要と考えられます。現在多くの学校で申込書を徴収していない状況について、教育
委員会として是正の必要性を認識されていますか。
回答:PTA入会契約も、保護者‧教職員が加入の意思を示すことが前提と認識している。
4. 個人情報保護法に基づく児童名簿‧連絡個票の利用目的逸脱について
PTAが入会申込書を取得しておらず、申し込んだ保護者‧教職員が誰であるかを特定‧管理し
ていない状態で、学校が児童名簿や連絡個票を用いてPTA会費の徴収等を行っている実態が、多
くの学校で確認されています。これらの名簿情報は、本来、入学手続きや教育活動のために学校
が収集したものであり、保護者の同意なくPTAという外部団体の金銭徴収業務に転用すること
は、個人情報保護法第69条(利用目的の制限)に違反するおそれがあります。加えて、PTA自身
が会員の氏名を把握していない状態で、学校が本人同意なしに代理徴収的な行為をしていること
は、情報主体(保護者)の権利を大きく侵害する状況であると考えます。貴教育委員会として、
このような運用の違法性または法令抵触の可能性に対する認識、および是正の必要性や今後の対
応方針について、どのようにお考えでしょうか。明確なご所見をお示しください。
回答:PTAは入退会を保護者の意思に基づいて適切に管理し、入会申込書等による意思確認を行
うことが必要である。学校とPTAの役割を明確に分離し、学校が保有する名簿をPTA業務に転
用することは避けるべきだと考える。
5. PTAの運用に関する教育委員会の是正指導責任について
学校がPTAと一体的に関与し、会費徴収や施設使用を支援している実態を踏まえれば、PTAの
違法または不適切な運用が学校教育の一環と認定される可能性があります。地方教育行政法に基
づき、教育委員会が是正指導を行う責任があるとお考えでしょうか。
回答:地方教育行政の組織及び運営に関する法律第23条等に基づき、教育委員会は学校運営の
適法性や適正性を確保する立場にあるため、是正指導を行う責務があると解される。PTAが任
意団体であることを理由に放置するのでなく、学校と一体化した運用が行われている限り、教育
委員会が主体的に関与し、改善を促す必要性が高いと考える。
6. 任意加入‧法令遵守が確保されるまでの暫定的措置に関する方針について
PTAが保護者の意思確認を適切に行わず、会員名簿すら把握しないまま会費徴収や施設利用を
継続している状態は、法令違反の懸念が濃厚です。教育委員会として、是正がなされるまでの
間、学校による施設提供や会費徴収への協力を停止する措置を講じる予定はありますか。
回答:PTA活動が適正に行われることは学校運営上重要であると認識している。現状におい
て、PTAが保護者の意思確認を十分に行わず、会員名簿の管理も不十分なまま会費徴収や施設
利用を継続している状況が確認された場合には法令や教育上の適正運営に照らし、是正指導を行
う必要があると考えている。是正がなされるまでの間、学校によるPTA活動への会費徴収や施
設提供の協力については、個別の状況を確認の上、必要に応じて適切な対応を検討していく。
以上、ご確認よろしくお願いいたします。
┏━━━━━━━━━━■"
48,滋賀県,滋賀県,A,A:照会回答,,【回答】滋賀県.pdf,入会意思確認; みなし加入; 会費徴収・委任; 個人情報・名簿; 教職員関与; 学校施設利用; 教委指導・是正,https://ptaorg.com/board-responses/48-shiga.html,2223,"1. PTAの入会契約の成立要件に関する法的見解について
保護者の明示的な申込み意思表示とPTAの承諾がないまま、学校側が児童
の入学をもって一律に「会員」とみなす運用が多くの学校で行われています。こ
のような「みなし入会」方式について、民法第 522 条および消費者契約法に照ら
し、契約が成立していると判断される法的根拠があるか、教育委員会としての見
解をお示しください。
A. PTAは任意団体であり、その入退会は本来自由であり、団体による入退会に
係る説明、意思確認等、法に基づく適切な対応が必要であると考える。
2. 学校によるPTA会費の徴収行為が無権代理に該当するかについて
学校がPTAとの間でPTA会費の徴収業務に関する準委任契約を結ばずに、
慣例的に児童名簿等を用いて会費を代行徴収しているケースがあります。学校
が正式な代理権を持たずにPTAの業務を代行している場合、民法第 113 条に
基づく無権代理に該当すると考えられますが、教育委員会はこの点をどのよう
に評価していますか。
A. 教職員が団体徴収金の会計事務に従事する前提として、校長が団体の長か
ら会計事務の委任を受ける必要があると認識している。そのため、県教委から
各県立学校長あてに発出している「学校徴収金の取扱いに関するガイドライン」
において、団体徴収金に関しては、校長と団体の長が会計事務委任について
毎年度書面を交わすように求めているところ。また、当該委任の状況について、
毎年度の自主点検結果を各学校から県教委に報告することとしている。
3. 入会申込書による保護者および教職員の明確な意思確認の必要性について
PTAが任意加入団体である以上、契約の成立には個別の申込書や同意書に
よる明示的な加入意思の確認が必要と考えられます。現在多くの学校で申込書
を徴収していない状況について、教育委員会として是正の必要性を認識されて
いますか。
A. 加入意思の確認は必要だと考える。県内PTA関係団体において、その是正の
動きをとられており、教育委員会として団体の求めに応じ、引き続き支援して
まいる。
4. 個人情報保護法に基づく児童名簿・連絡個票の利用目的逸脱について
PTAが入会申込書を取得しておらず、申し込んだ保護者・教職員が誰である
かを特定・管理していない状態で、学校が児童名簿や連絡個票を用いてPTA会
費の徴収等を行っている実態が、多くの学校で確認されています。これらの名簿
情報は、本来、入学手続きや教育活動のために学校が収集したものであり、保護
者の同意なくPTAという外部団体の金銭徴収業務に転用することは、個人情
報保護法第 69 条(利用目的の制限)に違反するおそれがあります。加えて、P
TA自身が会員の氏名を把握していない状態で、学校が本人同意なしに代理徴
収的な行為をしていることは、情報主体(保護者)の権利を大きく侵害する状況
であると考えます。貴教育委員会として、このような運用の違法性または法令抵
触の可能性に対する認識、および是正の必要性や今後の対応方針について、どの
ようにお考えでしょうか。明確なご所見をお示しください。
A. 各県立学校へは、個人情報等の取扱い、入退会が個人の意思で決められる
ものであること、学校徴収金の適切な対応等について、法に基づく適切な対応
を求めている。PTAが子どものために学校と保護者、保護者どうしがつながる
大事な組織であり続けられるよう、学校サイドの立場から引き続き適正なあり
方となるよう指導してまいる。
5. PTAの運用に関する教育委員会の是正指導責任について
学校がPTAと一体的に関与し、会費徴収や施設使用を支援している実態を
踏まえれば、PTAの違法または不適切な運用が学校教育の一環と認定される
可能性があります。地方教育行政法第 23,24 条に基づき、教育委員会が是正指
導を行う責任があるとお考えでしょうか。また、地方教育行政法 48 条に基づき、
市町村に対し必要な指導、助言を行う責任があるとお考えはあるでしょうか。
A. 子どもの健全育成を目的としたPTAは、その目的の達成のために、学校と保
護者が協力することが重要であり、PTAと学校は、連携・協働体制を築く必要
あると認識している。一般社団法人全国PTA連絡協議会においても、「保護
者と教師が協力してこどもの教育環境をより良いものに整えることを目的とし
た団体で、社会教育関係団体である」と位置付けられている。県としても、社
会教育関係団体であるPTAに関しては社会教育法に基づき対応をしている
ところ。学校に対しては、適切な対応をするよう、必要に応じて指導していると
ころ。
6. 任意加入・法令遵守が確保されるまでの暫定的措置に関する方針について
PTAが保護者の意思確認を適切に行わず、会員名簿すら把握しないまま会
費徴収や施設利用を継続している状態は、法令違反の懸念が濃厚です。そのよう
な事を認知された場合、教育委員会として、是正がなされるまでの間、学校によ
る施設提供や会費徴収への協力を停止する措置を講じる予定、あるいはそのよ
うな事もあり得ると学校に通知する必要があるとのお考えはありますか。
A. 学校に対しては、適切な対応をするよう引き続き、必要に応じて指導していく。"
49,熊本県山江村,熊本県,A,A:照会回答,,【回答】熊本県山江村.pdf,入会意思確認; 会費徴収・委任; 個人情報・名簿; 教職員関与; 学校施設利用; 教委指導・是正,https://ptaorg.com/board-responses/49-kumamoto-yamae.html,734,"PTA適正推進委員会
御担当者様
熊本県山江村教育委員会
照会に関する回答
1.PTAの入会契約の成立要件に関する法的見解について
ご指摘のとおり、PTA組織は任意団体であり、入会にあたっては保護者とPTA
組織の双方による意思確認が必要と考えますが、域内の学校(PTA)においては
、そのようなことが行われていないのが現状であり、教育委員会としても指導を
行ったことはありません。検討の必要性を感じています。
2 学校によるPTA会費の徴収行為が無権代理に該当するかについて
いただいた情報を読み解くと該当するという意識になります。適正な運営業務
を行う意味でも是正に向けた検討(指導)を考慮していきたいと思います。
3.入会申込書による保護者及び教職員の明確な意思確認の必要性について
現在(これまでも)加入意思の確認は行われていないのが現状であり、教育委
員会として、各学校の校長、PTA会長に是正に向けた取組みを促していきたいと
思います。
4.個人情報保護法に基づく児童名簿・連絡個票の利用目的逸脱について
個人情報の取得や名簿の取り扱いについては、使用目的以外の取り扱いや許可
なくその情報を利用することが絶対にないようにということ、かつ適正管理を年
度当初に教育委員会として指導を行っています。
5.PTAの運用に関する教育委員会の是正指導責任について
教育委員会の有する職務権限においても、不適切な施設運用等が無いよう、是
正指導を行う責任は有していると考えています。
6.任意加入・法令遵守が確保されるまでの暫定的措置に対する方針について
法に裏付けされた適正な活動が保障(確立)されるよう、教育委員会としても
状況に見合った指導を考慮していきたい。"
50,神奈川県小田原市,神奈川県,A,A:照会回答,2025/09/04,【回答】小田原市.pdf,入会意思確認; みなし加入; 会費徴収・委任; 個人情報・名簿; 教職員関与; 学校施設利用; 教委指導・是正,https://ptaorg.com/board-responses/50-kanagawa-odawara.html,3924,"2025年5月15日
9:00
この度、ご投稿いただいた要望‧問い合わせについて、
下記のとおり回答させていただきますので、ご確認ください。
●回答日時
2025/05/15 09:00:30
●回答課
文化部:生涯学習課
●回答
お問い合わせの内容について、質問項目ごとに以下のように回答させていただきます。
1 PTA入会手続きについて
‧保護者の明示的な同意(入会申込書等)のない「みなし加入」について
(1)みなし加入‧オプトアウト方式は、⺠法521条‧第522条、消費者契約法第3条‧4条の関係で、法的に
有効と考えるのか
【回答】⺠法では、書面の提出を求めるものではないが、PTAは、会の趣旨に賛同する保護者と教職員によって構
成され、それぞれが対等な立場で関わり、自主的な組織によって運営される任意の団体であることから、各保護者の
入会の意思を確認することは必要である。仮に、各保護者の意思確認が行われていないみなし加入が行われていると
するなら法的に有効ではないと考える。
(2)保護者からの明示的な入会意思表示(書面等)を取得することがPTA運営の適法性確保に必要不可欠である
と認識しているか
【回答】PTAの趣旨や同意事項を再確認した上で、確実な本人の意思決定を明示する意味からは、書面等の意思表
示を取得することが望ましいと考える。
(3)その認識のもとに、各学校に対してどのような指導‧周知を行っているか
【回答】神奈川県教育委員会の入会に関する注意の通知を各校に送り、丁寧な説明と入会の意思を確認するよう周
知を図っている。また、PTA成人教育等担当者研修会の折に、神奈川県教育委員会発行の「PTA活動のためのハンド
ブック」の内容をもとにPTAについての研修も併せて行っている。
(4)明示的な入会手続きがなく、保護者の承諾が存在しない場合、生じた義務(会費支払い‧役員就任等)を負わ
せることへの教育委員会としての正当性の認識 (契約法上‧教育行政上、正当と考えているか)
【回答】保護者の承諾のない義務は無効であると考える。
2 PTA会費徴収について
‧学校がPTAの代理として会費徴収教務を行うことの可否
(1)会費徴収に関する委任契約のない無権代理の法的問題をどのように認識しているか
【回答】神奈川県教育委員会では、私費会計基準により、会計処理を学校側に任せる場合は、会⻑から校⻑に対し、
書面による委任が必要と定めている。(「私費会計基準第26条」参照)委任契約のない代理執行は無効であると考え
る。
(2)各学校と単位PTAとの業務委託契約の締結の有無の調査、その整備について、教育委員会として統一的な指
導‧管理を行っているか。また、委任契約のない学校の会費徴収を教育委員会として、どのように指導‧監督してい
るか
【回答】行っていない。
(3)同意が明示されていない場合、名簿をもとに会費徴収をしていた場合の責任の所在(学校‧PTA、または双
方)をどのように考えるか
【回答】具体的な例示のない仮定のものについては確定できない。
3 学校保有名簿の目的外使用について
‧学校が保有する「生徒‧保護者名簿」を任意加入団体であるPTA会費徴収目的で使用していることの可否
(1)学校の保有する「生徒‧保護者名簿」を任意団体のPTA会費徴収目的で使用することは、個人情報保護法で許
容される行為かの見解
【回答】学校保有の「生徒‧保護者名簿」を情報提供している保護者等の同意のないまま、そのまま利用あるいは修
正して利用することは許容されないと考える。
(2)このような運用が可能となるための学校とPTA間にどのような手続き‧契約‧保護者同意が必要とされるか
【回答】まず、入会時の保護者の明確な同意があることが大前提。そのうえで、PTA会⻑と学校との委託‧委任関
係を作り、PTA総会等を通じて保護者の総意で活動内容等を決めていくことが求められる。
(3)PTAからの依頼によって個人情報を使用‧提供することについて、教育委員会としてどのような指導‧指針
を示しているか
【回答】個人情報の取り扱いについては、PTAに係る内容に限らず、学校に対して適正に対応をするよう指導して
いる。
上記のとおりとなりますので、よろしくお願い申し上げます。
小田原市教育委員会 教育部教育指導課
小田原市 文化部生涯学習課
----元の投稿内容ここから
●タイトル
●内容
拝啓
貴職におかれましては、日頃より御市の教育行政にご尽力いただき、誠にありがとうございます。
さて、当会では、御市内の公立学校におけるPTAの運営に関して、以下の点について重大な法的懸念を抱いており、
照会させていただきます。
【法的問題点】
PTA入会手続きの不備:
保護者の明示的な入会申込書等の提出がないにもかかわらず、「みなし加入」あるいは「オプトアウト方式」(特段の
拒否がなければ自動的に会員とする)によって、保護者をPTA会員として扱う事例が複数確認されています。
PTAへの入会は、保護者とPTAとの間の契約関係に基づく加入行為(双務契約)であると解され、保護者による明確
な意思表示(承諾)がなければ契約は成立しません(⺠法第521条‧第522条、消費者契約法第3条‧第4条)。
保護者の明示的な同意がない「みなし加入」は、⺠法第522条の契約成立要件を欠き、契約として無効である可能性
が高いです。
PTA会費徴収の違法性:
PTAと学校間で会費徴収に関する委任契約が締結されていないにもかかわらず、学校がPTAの代理として会費徴収業
務を行っている事例が報告されています。
PTAからの明確な代理権限(委任契約等)がないにもかかわらず、学校が第三者から金銭(会費)を徴収する行為
は、⺠法第113条以下に定める「無権代理」行為に該当し、無効となる可能性があります。
徴収した会費が、保護者の同意に基づかない不当な支払いである場合、返還義務や損害賠償義務が発生するおそれが
あります。
学校名簿の目的外利用:
学校が保有する「生徒‧保護者名簿(氏名‧連絡先等)」を、任意加入団体であるPTAの会費徴収目的で使用してい
る事例が複数確認されています。
学校が教育目的で収集‧保有する個人情報を、別団体であるPTAの業務のために使用することは、個人情報保護法第
69条(利用及び提供の制限)における「目的外利用」に該当するのではないかと懸念されます。
【照会事項】
「入会申込書なし」「拒否の申し出がなければ入会とみなす」といった方式(いわゆる「みなし加入」または「オプ
トアウト方式」)によるPTAへの入会は、⺠法第521条‧第522条、ならびに消費者契約法第3条‧第4条との関係で、
法的に有効とお考えでしょうか。
保護者からの明示的な入会意思表示(書面等)を取得することがPTA運営の適法性確保に必要不可欠であると認識さ
れていますか。その認識のもとに、各学校に対しどのような指導‧周知を行っておられるか、ご教示ください。
仮に、明示的な入会手続きが行われておらず、保護者の承諾が存在しない場合、PTA活動によって生じた義務(会費
支払‧役員就任等)を負わせることについて、教育委員会としてその正当性をどのように認識されていますか。
貴教育委員会として、PTAと学校の間に業務委託契約が存在しないまま、学校がPTAの会費徴収業務を行う行為につ
いて、無権代理の法的問題についてどのように認識されていますか。
御御市の各公立学校では、PTAとの業務委託契約が締結されているか否かの調査、及びその整備について、教育委員
会として統一的な指導‧管理を行っているのか、ご教示ください。
仮に保護者からの同意が明示されていない場合に、学校が名簿情報をもとに会費徴収を実施していたとすれば、その
責任の所在(学校、PTA、または双方)をどのようにお考えですか。
公立学校が保有する「生徒‧保護者名簿」を、任意団体であるPTAの会費徴収目的に使用することは、個人情報保護
法第69条において許容される行為でしょうか。
上記のような運用が可能となるためには、学校とPTA間にどのような手続き‧契約‧保護者同意が必要とされます
か。
御市教育委員会として、PTAからの依頼によって学校が個人情報を使用‧提供することについて、どのような指導‧
指針を示しておられますか。
上記のような「みなし加入」方式で、入会申込書の提出なくPTA会員とみなす運用は、契約法上‧教育行政上、正当
と考えておられますか。
PTAとの正式な委任契約なしに学校が会費を徴収する行為について、教育委員会としてどのように指導‧監督されて
いるのでしょうか。責任の所在についてもあわせてご教示ください。
学校が教育目的で保有する名簿情報を、保護者の同意なくPTAのために使用する行為が、個人情報保護法第69条に抵
触するか否かについて、貴職の見解をお示しください。
【結び】
上記につきまして、法令に基づいた貴委員会の誠実かつ明確なご回答を、文書にて頂けますようお願い申し上げま
す。
敬具
●担当課
文化部:生涯学習課
----元の投稿内容ここまで
(注)このメールは送信専用アドレスから送信されています。
ご返信いただいても回答できませんので、ご了承ください。
御担当者様
下記、小田原市の見解、共有させていただきます。
ご自由にお使いくださいませ。
取り急ぎ"
51,神奈川県平塚市,神奈川県,A,A:照会回答,2025年10月10日,【回答】神奈川県平塚市.pdf,入会意思確認; 会費徴収・委任; 個人情報・名簿; 教職員関与; 教委指導・是正,https://ptaorg.com/board-responses/51-kanagawa-hiratsuka.html,861,"PTA適正化推進委員会
いつもお世話になっております。お問い合わせいただいた件について、回答に時間を要したことを
お詫び申し上げます。次のとおり回答いたします。
1 PTAの入会契約の成立要件に関する法的見解について
回答:入会に際しては、明確な入会の意思表示が必要であると考えます。
2 学校によるPTA会費の徴収行為が無権代理に該当するかについて
回答:学校がPTAの代理として会費徴収業務を行う場合には、業務委託契約を結び代理権を有
することを明確にしておく必要があると考えます。書面契約を取り交わさなくても、PTAと学校との
やり取りの中で同意を得てPTAの要請に応じて学校が会費徴収を行っているのであれば、契約
が生じていると見なすことはできると考えますが、書面契約などで契約の有無を明確にしておくこ
とが望ましいと考えます。
3 入会申込書による保護者および教職員の明確な意思確認の必要性について
回答:民法では「契約の成立には、法令に特別の定めがある場合を除き、書面の作成その他の
方式を具備することを要しない」とあるため、書面を取得することは必要不可欠ではありません
が、明確な意思表示を確認するための手段として書面を取得することが望ましいと考えます。
4 個人情報保護法に基づく児童名簿·連絡個票の利用目的逸脱について
回答:保護者の同意のない個人情報の利用は、望ましくないと考えます。研究会等の機を捉え、
個人情報の適正な管理について指導、助言しておりますが、引き続き、個人情報保護の観点か
ら周知に努めます。
5 PTAの運用に関する教育委員会の是正指導責任について
回答:PTA活動の実態を踏まえて、必要に応じて、指導・助言をしてまいります。
6 任意加入·法令遵守が確保されるまでの暫定的措置に関する方針について
回答:PTA活動の実態を踏まえて、必要に応じて、指導・助言をしてまいります。
以上となります。よろしくお願いいたします。
平塚市教育委員会
教育総務部教育総務課
社会教育部社会教育課"
52,神奈川県相模原市,神奈川県,A,A:照会回答,2025年7月4日,【回答】神奈川県相模原市.pdf,入会意思確認; みなし加入; 会費徴収・委任; 個人情報・名簿; 教委指導・是正,https://ptaorg.com/board-responses/52-kanagawa-sagamihara.html,6605,"生涯学習課
送信日時:
CC:
生涯学習課
2025年7月4日金曜日 18:00
生涯学習課
学校教育課
相模原市立学校による、PTA運営の適法性に関する照会に対する回答について(送付)【相模
原市教育委員会】
PTA 適正化推進委員会 横浜本部
メールを拝読いたしました。
お問い合わせいただいた件について、相模原市教育委員会(以下「本市教育委員会」という)。として、
各所管部局の見解を取りまとめた上、下記の通り回答させていただきます。
※「⇒」以降が、本市教育委員会の見解となります。
【照会事項】
1.PTA 入会手続きの適法性に関する詳細な解釈について
報告書では、PTA への入会は、民法第 521 条に定める契約自由の原則に基づき、保護者と PTA 間の
契約行為と解釈されるべきであり、その成立には民法第 522 条が定める双方の明確な合意が必要であると
指摘いたしました。
一部の学校で見られる「みなし加入」や「オプトアウト方式」は、保護者からの積極的な承諾を欠くた
め、契約成立の要件を満たさず、ひいては保護者の結社の自由(日本国憲法第 21 条)を侵害する可能性
も懸念されます。また、消費者契約法の趣旨から見ても、消費者の権利義務が明確でない、または消費者
に不利益が生じる可能性のある条項は問題視されるべきと考えられます(消費者契約法第 3 条、第 10
条)。
つきましては、御市教育委員会として、市内の公立学校における PTA 運営において、「みなし加入」や
「オプトアウト方式」をどのようにご解釈され、これらの方式が適法であるとお考えになる法的根拠およ
び具体的な理由について、詳細にご教示いただけますでしょうか。
もし、これらの方式が適法であるとのご見解をお持ちの場合、保護者の権利保護の観点から、どのような
条件や配慮が必要であるとお考えでしょうか。
逆に、これらの方式が民法や消費者契約法の観点から問題があるとご認識の場合、教育委員会として、
保護者の明確な同意を得るための具体的な手続きとして、どのような方法が最も適切であるとお考えでし
ょうか。例えば、書面による入会申込書の提出、電子的な同意取得システム、またはその他の方法が考え
られますでしょうか。教育委員会として推奨される手続きの詳細について、ご教示ください。
⇒本市教育委員会としては、PTA が任意加入であることなどの重要な情報が事前に説明がなされていない
ことや、保護者の意思確認が行われていないことなどによる加入は適切ではないと考えます。
なお、入会手続きを行うにあたり、保護者の明確な同意を得るための手続き方法として、事前に適切な
告知を行った上で、書面等による入会申込による手続きで意思確認を行うことが望ましいと考えます。
2.PTA 会費の徴収に関する法的根拠と手続きについて:
報告書では、学校が PTA の代理として会費を徴収する行為は、民法第 113 条の無権代理に該当する可
能性があり、法的な有効性を確保するためには、PTA と学校間の明確な委任契約の締結が不可欠であると
指摘いたしました。委任契約がない場合、学校による会費徴収は法的根拠を欠き、保護者は支払いを拒否
できる可能性や、既に支払われた会費の不当利得返還請求(民法第 703 条)が生じる可能性も示唆いたし
ました。
御市教育委員会として、学校が PTA の委任契約なしに PTA 会費を徴収する行為の適法性について、具
体的にどのようにご解釈され、その法的根拠についてどのようにお考えでしょうか。過去の裁判例や関連
する行政指針などを踏まえたご見解を詳細にご教示ください。
⇒本市教育委員会としては、仮にPTAを事業者とみなした上で、学校が PTA 会費の徴収等を行う場合に
おいては、長年の慣例などからも、黙示の合意による委任契約がされておりますが、神奈川県教育委員会
の「私費会計基準(第 26 条)」にも示されているとおり、会費の徴収においては、より明確化することが
望ましいと考えます。
PTA と学校間で委任契約を締結する場合、委任の範囲(会費徴収、管理、会計処理など)、両者の責任
範囲、会費の管理方法、および保護者への透明性の確保(会計報告の方法や頻度など)に関する事項につ
いて、教育委員会として契約内容に含めるべき重要な事項について、具体的にご指示いただけますでしょ
うか。
⇒本市教育委員会としては、仮にPTAを事業者とみなした上で、PTA と学校間で委任契約を締結する場
合においては、まずは、業務委託契約書等の書面により PTA 会費の徴収を委任することを明示した契約を
締結することが望ましいと考えます。
もし、委任契約がない状況で、学校が PTA 会費を徴収している事例が確認された場合、教育委員会と
して、速やかにどのような調査を行い、どのような指導や是正措置を検討されるでしょうか。また、保護
者からの返還請求があった場合の対応についても、現時点でのご方針をご教示ください。
⇒本市教育委員会としては、該当する学校に対して聞き取りや関係書類の確認等により事実確認を行った
上で、神奈川県教育委員会の私費会計基準等の関係規定を参考に指導助言を行うことが適当と考えます。
なお、保護者から返還請求がなされた場合については、該当事象の内容を踏まえた上で、学校や請求者
と調整しながら、対応方法について検討してまいりたいと考えます。
3.学校名簿の利用に関する個人情報保護法の解釈と運用について:
報告書では、学校が保有する児童・生徒・保護者の個人情報は、本来、学校教育目的のために収集され
たものであり、個人情報保護法第 69 条に基づき、利用目的以外の目的での利用や提供は原則として禁止
されるべきであると指摘いたしました。PTA は学校とは別の団体であるため、保護者の明確な同意なしに
学校が PTA に名簿を提供することは、個人情報保護法第 23 条第 1 項に違反する可能性が高いと考えら
れます。文部科学省も、PTA に対する個人情報の提供には本人の同意が必要であるとの見解を示していま
す。
御市教育委員会として、学校が PTA に対し、保護者からの個別かつ明確な同意なしに学校名簿(氏
名、連絡先等)を提供することの適法性について、個人情報保護法のどの条項に照らし、具体的にどのよ
うにご解釈されますでしょうか。
⇒本市教育委員会としては、学校が保有している学校名簿(氏名、連絡先等)を保護者からの個別かつ明
確な同意なしに提供する行為は適切ではないと考えます。
PTA が会費徴収、会員管理、またはその他の活動目的で個人情報を必要とする場合、学校が保護者から
同意を得るにあたって、提供する情報の範囲、利用目的、PTA における管理方法、不同意の場合の PTA
活動への参加への影響などについて、どのような情報を具体的に保護者に説明し、どのような形式で同意
を得るべきであるとお考えでしょうか。教育委員会として推奨される同意取得の手順や注意点について、
詳細にご指示ください。
⇒本市教育委員会としては、学校が個人情報を提供する場合において、個人情報保護法に規定される個人
情報取扱事業者として、利用提供範囲や利用目的、管理体制等を保護者に明示した上で、書面による意思
確認を行うことが望ましいと考えます。
また、各 PTA に対しても、個人情報保護法等の法令を理解した上で、法令順守のうえでの運営を働きかけ
る必要があると考えます。
学校が PTA に名簿を提供する際の同意取得状況について、教育委員会として、各学校に対し、どのよ
うな方法で確認・管理を義務付け、どのようにその状況を把握していく方針でしょうか。また、同意を得
ていない名簿提供が判明した場合の措置についてもご教示ください。
⇒本市教育委員会としては、特段の調査はしておりませんが、神奈川県教育委員会作成のPTAの加入に
おける留意に関する通知や、「PTA 活動のためのハンドブック」を各学校・PTA へ毎年送付することで、
周知を図っております。
なお、同意を得ていない個人情報の提供が判明した場合については、状況に応じて必要な指導や助言をし
てまいりたいと考えます。
PTA が独自に個人情報を取得・管理する場合においても、個人情報保護法を遵守し、適切な安全管理措
置を講じる必要があると考えられますが、教育委員会として、PTA に対する個人情報保護に関する指導や
支援について、どのような方針をお持ちでしょうか。
⇒本市教育委員会としては、前述のとおり、神奈川県教育委員会作成のPTAの加入における留意に関す
る通知や、「PTA 活動のためのハンドブック」を各学校・PTA へ毎年送付することで、周知を図っており
ます。
上記取組の他に、PTA 加入における保護者からの意思確認の明確化や個人情報保護の法令順守を図るこ
とを目的に、「入会申込書・個人情報取扱同意書」の参考様式の作成・周知等について、本市教育委員会
として検討してまいりたいと考えております。
本市教育委員会といたしましては、今回いただいた御意見を踏まえた上で、
PTA活動の主旨を改めて認識していただくとともに、法令順守のうえで適切に運営を行っていただくよ
う、各学校・PTA 等へ引き続き働きかけてまいります。
以 上
生涯学習課 :042−769−8287(直通)
学校教育課 :042−769−8284(直通)
*相模原市教育委員会 殿*
ご報告いたしました公立学校における PTA 運営に関する法的照会報告書に基づき、下記の事項について、
教育委員会の皆様の専門的なご見解と詳細なご解釈を賜りたく、改めて慎重にご照会申し上げます。
照会事項
1.
PTA 入会手続きの適法性に関する詳細な解釈について:
-
報告書では、PTA への入会は、民法第 521 条に定める契約自由の原則に基づき、保護者と PTA 間
の契約行為と解釈されるべきであり、その成立には民法第 522 条が定める双方の明確な合意が必要である
と指摘いたしました。
-
一部の学校で見られる「みなし加入」や「オプトアウト方式」は、保護者からの積極的な承諾を欠
くため、契約成立の要件を満たさず、ひいては保護者の結社の自由(日本国憲法第 21 条)を侵害する可
能性も懸念されます。また、消費者契約法の趣旨から見ても、消費者の権利義務が明確でない、または消
費者に不利益が生じる可能性のある条項は問題視されるべきと考えられます(消費者契約法第 3 条、第 10
条)。
-
つきましては、御市教育委員会として、市内の公立学校における PTA 運営において、「みなし加
入」や「オプトアウト方式」をどのようにご解釈され、これらの方式が適法であるとお考えになる法的根
拠および具体的な理由について、詳細にご教示いただけますでしょうか。
-
もし、これらの方式が適法であるとのご見解をお持ちの場合、保護者の権利保護の観点から、どの
ような条件や配慮が必要であるとお考えでしょうか。
-
逆に、これらの方式が民法や消費者契約法の観点から問題があるとご認識の場合、教育委員会とし
て、保護者の明確な同意を得るための具体的な手続きとして、どのような方法が最も適切であるとお考え
でしょうか。例えば、書面による入会申込書の提出、電子的な同意取得システム、またはその他の方法が
考えられますでしょうか。教育委員会として推奨される手続きの詳細について、ご教示ください。
2.
PTA 会費の徴収に関する法的根拠と手続きについて:
-
報告書では、学校が PTA の代理として会費を徴収する行為は、民法第 113 条の無権代理に該当する
可能性があり、法的な有効性を確保するためには、PTA と学校間の明確な委任契約の締結が不可欠である
と指摘いたしました。委任契約がない場合、学校による会費徴収は法的根拠を欠き、保護者は支払いを拒
否できる可能性や、既に支払われた会費の不当利得返還請求(民法第 703 条)が生じる可能性も示唆いた
しました。
-
御市教育委員会として、学校が PTA の委任契約なしに PTA 会費を徴収する行為の適法性につい
て、具体的にどのようにご解釈され、その法的根拠についてどのようにお考えでしょうか。過去の裁判例
や関連する行政指針などを踏まえたご見解を詳細にご教示ください。
-
PTA と学校間で委任契約を締結する場合、委任の範囲(会費徴収、管理、会計処理など)、両者の
責任範囲、会費の管理方法、および保護者への透明性の確保(会計報告の方法や頻度など)に関する事項
について、教育委員会として契約内容に含めるべき重要な事項について、具体的にご指示いただけますで
しょうか。
-
もし、委任契約がない状況で、学校が PTA 会費を徴収している事例が確認された場合、教育委員会
として、速やかにどのような調査を行い、どのような指導や是正措置を検討されるでしょうか。また、保
護者からの返還請求があった場合の対応についても、現時点でのご方針をご教示ください。
3.
学校名簿の利用に関する個人情報保護法の解釈と運用について:
-
報告書では、学校が保有する児童・生徒・保護者の個人情報は、本来、学校教育目的のために収集
されたものであり、個人情報保護法第 69 条に基づき、利用目的以外の目的での利用や提供は原則として
禁止されるべきであると指摘いたしました。PTA は学校とは別の団体であるため、保護者の明確な同意な
しに学校が PTA に名簿を提供することは、個人情報保護法第 23 条第 1 項に違反する可能性が高いと考え
られます。文部科学省も、PTA に対する個人情報の提供には本人の同意が必要であるとの見解を示してい
ます。
-
御市教育委員会として、学校が PTA に対し、保護者からの個別かつ明確な同意なしに学校名簿(氏
名、連絡先等)を提供することの適法性について、個人情報保護法のどの条項に照らし、具体的にどのよ
うにご解釈されますでしょうか。
-
PTA が会費徴収、会員管理、またはその他の活動目的で個人情報を必要とする場合、学校が保護者
から同意を得るにあたって、提供する情報の範囲、利用目的、PTA における管理方法、不同意の場合の
PTA 活動への参加への影響などについて、どのような情報を具体的に保護者に説明し、どのような形式で
同意を得るべきであるとお考えでしょうか。教育委員会として推奨される同意取得の手順や注意点につい
て、詳細にご指示ください。
-
学校が PTA に名簿を提供する際の同意取得状況について、教育委員会として、各学校に対し、どの
ような方法で確認・管理を義務付け、どのようにその状況を把握していく方針でしょうか。また、同意を
得ていない名簿提供が判明した場合の措置についてもご教示ください。
-
PTA が独自に個人情報を取得・管理する場合においても、個人情報保護法を遵守し、適切な安全管
理措置を講じる必要があると考えられますが、教育委員会として、PTA に対する個人情報保護に関する指
導や支援について、どのような方針をお持ちでしょうか。
上記の各照会事項につきまして、関連する日本の法令(民法、消費者契約法、個人情報保護法等)、裁判
例、および国や県の教育委員会からの関連する指針等を踏まえ、貴委員会の専門的かつ詳細なご解釈およ
びご見解を、書面またはメールにてご回答賜りますよう、重ねてお願い申し上げます。
敬具
PTA 適正化推進委員会 横浜本部
※以下の文章は「m-FILTER」が自動的に追加しています。
本メールに対し、以下の操作を行いました。
メール原本については、管理者にお問い合わせください。
メール本文にテキスト形式以外のものが存在したため、テキスト形式に変換しました。"
53,神奈川県逗子市,神奈川県,A,A:照会回答,,【回答】神奈川県逗子市.pdf,入会意思確認; みなし加入; 会費徴収・委任; 個人情報・名簿; 教委指導・是正,https://ptaorg.com/board-responses/53-kanagawa-zushi.html,1376,"PTA適正化推進委員会 御中
逗子市教育委員会 社会教育課でございます。
2025 年 5 月 11 日付で、ご照会のありました「PTA運営における法的問題に関する照会」につきまして、各学
校及び学校教育所管課からの確認が整いましたので、社会教育課より回答申し上げます。
回答が遅れておりまして、申し訳ございませんでした。
逗子市には公立の小学校5校、中学校3校、計8校があり、PTAが無い学校が2校(小学校...1校、中学校...
1校)となっております。
ご照会のあった内容を整理させていただきますと。
1PTA の加入は任意であるか否か。
2いわゆるみなし加入(特段の拒否の意思表示が無ければ自動的に加入)は有効であるか否か。
3学校が任意団体であるPTA会費を徴収するにあたり、学校、PTA間に業務委託契約が存在しないまま徴収
行為を行うことは、法的に問題があるのではないか。
4学校が保有する、生徒、保護者に関する個人情報を、本人同意なくPTAのために使用する行為は個人情報保
護に関する法令に抵触するのではないか。
5上記について、違法行為、もしくは極めて違法性が高い行為が行われているとすれば、それに対し、本市教育
委員会はどのような認識をもっているか、また、本市教育委員会は、各学校に対しどのような統一的な指導を行い、
運用の実態の管理をしているのか。適切な学校とPTAとの関係の構築と、適切なPTA活動の運用が図られるた
めには、どのような指導、監督をすべきか。
以上が、御担当者様の照会の主たる内容と理解いたしましたので、本市教育委員会の認識ならびに、今後の対応につ
いて、以下のとおり回答させていただきます。
まず、PTAにつきましては、飽くまで任意団体であり、加入については保護者の意思表示の下に成立するもの
です。
よって、明確な加入拒否の意思表示がなければ自動的に加入という、いわゆる、みなし加入は容認されるもので
はなく、保護者に対しては、その旨を明確に示した上で、加入の意思表示を示す機会を提供しなくてはなりません。
また、契約行為やそれに準ずる行為が無いままに、学校がPTAに代わって会費の徴収代行することは、法的に
問題があると考えます。あわせて、学校が保有する生徒、保護者の個人情報を本人の同意無く、任意団体であるP
TAに提供することは個人情報保護の観点から問題があると考えます。
以上をふまえ、学校現場での運用を確認したところ、PTAが加入義務の無い任意団体であることは各校とも認
識していたものの、実際の運用ではバラツキがあり、みなし加入の不可、会費の徴収代行にあたっての契約行為の
締結、学校保有の個人情報の提供に不可避である本人同意の取得については、徹底がなされていない実態が散見さ
れました。PTAが無く、それに代わる任意組織がある学校についても同様の問題が散見されました。
本市教育委員会では、全校の校長並びに全PTA組織に対し、現状のPTA活動の問題点について認識が図られ
るよう指導し、適切な運用を図って参ります。
以上が、御担当者様の照会に対する、本市教育委員会の回答とさせていただきたいと存じます。回答が遅滞したこと
に改めてお詫び申し上げるとともに、ご査収頂きたくよろしくお願いいたします。"
54,福岡県中間市,福岡県,A,A:照会回答,2025/09/04,【回答】福岡県中間市.pdf,入会意思確認; みなし加入; 会費徴収・委任; 個人情報・名簿; 教職員関与; 学校施設利用; 教委指導・是正,https://ptaorg.com/board-responses/54-fukuoka-nakama.html,1991,"【照会】PTA入会手続き等の法的見解について照会事項6点
PTA適正化推進委員会 御中
お世話になっております。
福岡県中間市教育委員会 学校教育課⻑の[氏名省略]と申します。
ご照会いただいた件について、以下のとおり回答いたします。
照会事項(全6項目)
2025年8月15日 16:11
現在、貴教育委員会および市内各公立学校に対し、PTAの運用実態に関する文書の公文書開示請求を並行して実施
しております。その手続きと併行して、本件に関する法的観点から以下の照会を行いますので、ご多忙のところ恐
縮ですが、ご回答くださいますようお願い申し上げます。
1.
PTAの入会契約の成立要件に関する法的見解について
保護者の明示的な申込み意思表示とPTAの承諾がないまま、学校側が児童の入学をもって一律に「会員」とみなす
運用が多くの学校で行われています。このような「みなし入会」方式について、⺠法第522条および消費者契約法に
照らし、契約が成立していると判断される法的根拠があるか、教育委員会としての見解をお示しください。
回答 現状では、入会に際して、任意であることの説明はなされているようですが、入会届等の書面での確認はで
きていないので、法的には契約は成立しているとはいえない状態であると認識しています。
2.
学校によるPTA会費の徴収行為が無権代理に該当するかについて
学校がPTAとの間でPTA会費の徴収業務に関する準委任契約を結ばずに、慣例的に児童名簿等を用いて会費を代行
徴収しているケースがあります。学校が正式な代理権を持たずにPTAの業務を代行している場合、⺠法第113条に基
づく無権代理に該当すると考えられますが、教育委員会はこの点をどのように評価していますか。
回答 現状では該当すると言わざるを得ないと考えます。
3.
入会申込書による保護者および教職員の明確な意思確認の必要性について
PTAが任意加入団体である以上、契約の成立には個別の申込書や同意書による明示的な加入意思の確認が必要と考
えられます。現在多くの学校で申込書を徴収していない状況について、教育委員会として是正の必要性を認識されて
いますか。
回答 書面による意思確認は必要だと考えます。
4.
個人情報保護法に基づく児童名簿‧連絡個票の利用目的逸脱について
PTAが入会申込書を取得しておらず、申し込んだ保護者‧教職員が誰であるかを特定‧管理していない状態で、学
校が児童名簿や連絡個票を用いてPTA会費の徴収等を行っている実態が、多くの学校で確認されています。これらの
名簿情報は、本来、入学手続きや教育活動のために学校が収集したものであり、保護者の同意なくPTAという外部団
体の金銭徴収業務に転用することは、個人情報保護法第69条(利用目的の制限)に違反するおそれがあります。加え
て、PTA自身が会員の氏名を把握していない状態で、学校が本人同意なしに代
理徴収的な行為をしていることは、情報主体(保護者)の権利を大きく侵害する状況であると考えます。貴教育委員
会として、このような運用の違法性または法令抵触の可能性に対する認識、および是正の必要性や今後の対応方針に
ついて、どのようにお考えでしょうか。明確なご所見をお示しください。
回答 保護者の同意がないまま名簿等を無断転用していれば違法状態であると考えます。入会や個人情報の使用等
に際し、書面での同意を取得するように指導する必要があると考えます。
5.
PTAの運用に関する教育委員会の是正指導責任について
学校がPTAと一体的に関与し、会費徴収や施設使用を支援している実態を踏まえれば、PTAの違法または不適切な
運用が学校教育の一環と認定される可能性があります。地方教育行政法第10条に基づき、教育委員会が是正指導を行
う責任があるとお考えでしょうか。
回答 是正指導する責任はあると考えます。
6.
任意加入‧法令遵守が確保されるまでの暫定的措置に関する方針について
PTAが保護者の意思確認を適切に行わず、会員名簿すら把握しないまま会費徴収や施設利用を継続している状態
は、法令違反の懸念が濃厚です。教育委員会として、是正がなされるまでの間、学校による施設提供や会費徴収への
協力を停止する措置を講じる予定はありますか。
回答 PTAの運営については、役員を中心に時間と労力を割いて当たっていただいるものと理解しています。学
校による施設提供や会費徴収への協力を停止する措置を講じるとPTAの機能が停止してしまうおそれがありますの
で、直ちに同様の対応をすることは考えておりません。
ただし、PTA活動の適正化に向けては、継続して指導して参りたいと考えております。
中間市教育委員会
学校教育課 [氏名省略]"
55,福岡県小竹町,福岡県,A,A:照会回答,2025/09/04,【回答】福岡県小竹町.pdf,入会意思確認; みなし加入; 会費徴収・委任; 個人情報・名簿; 教職員関与; 学校施設利用; 教委指導・是正,https://ptaorg.com/board-responses/55-fukuoka-kotake.html,1889,"Re: 【小竹町回答】PTA入会手続き等の法的見解について照会事項6点
2025年8月15日 14:04
PTA適正化推進委員会 御中
平素よりお世話になっております。
小竹町教育委員会 [氏名省略]と申します。
標記の件につきまして、下記のとおり回答いたします。
よろしくご査収ください。
小竹町教育委員会
4.照会事項(全6項目)
現在、貴教育委員会および市内各公立学校に対し、PTAの運用実態に関する文書の公文書開示請求を並行して実施
しております。その手続きと併行して、本件に関する法的観点から以下の照会を行いますので、ご多忙のところ恐縮
ですが、ご回答くだいますようお願い申し上げます。
1.
PTAの入会契約の成立要件に関する法的見解について
保護者の明示的な申込み意思表示とPTAの承諾がないまま、学校側が児童の入学をもって一律に「会員」とみなす
運用が多くの学校で行れています。このような「みなし入会」方式について、⺠法第522条および消費者契約法に照
らし、契約が成立していると判断される法的拠があるか、教育委員会としての見解をお示しください。
A. 同意なしに「入会」と判断するのは、非常に問題だと考えます。
2.
学校によるPTA会費の徴収行為が無権代理に該当するかについて
学校がPTAとの間でPTA会費の徴収業務に関する準委任契約を結ばずに、慣例的に児童名簿等を用いて会費を代行
徴収しているケースがります。学校が正式な代理権を持たずにPTAの業務を代行している場合、⺠法第113条に基づ
く無権代理に該当すると考えられますが、教委員会はこの点をどのように評価していますか。
A. 入会の同意を得て徴収するのであれば、許容します。
3.
入会申込書による保護者および教職員の明確な意思確認の必要性について
PTAが任意加入団体である以上、契約の成立には個別の申込書や同意書による明示的な加入意思の確認が必要と考
えられます。現在多く学校で申込書を徴収していない状況について、教育委員会として是正の必要性を認識されてい
Gmail - Re: 【小竹町回答】PTA入会手続き等の法的見解について照会事項6点
2025/09/04 6:37
ますか。
A. 是正の必要性を認識しています。
4.
個人情報保護法に基づく児童名簿‧連絡個票の利用目的逸脱について
PTAが入会申込書を取得しておらず、申し込んだ保護者‧教職員が誰であるかを特定‧管理していない状態で、学
校が児童名簿や連絡個を用いてPTA会費の徴収等を行っている実態が、多くの学校で確認されています。これらの名
簿情報は、本来、入学手続きや教育活動のたに学校が収集したものであり、保護者の同意なくPTAという外部団体の
金銭徴収業務に転用することは、個人情報保護法第69条(利用目の制限)に違反するおそれがあります。加えて、
PTA自身が会員の氏名を把握していない状態で、学校が本人同意なしに代理徴収
的な行為していることは、情報主体(保護者)の権利を大きく侵害する状況であると考えます。貴教育委員会とし
て、このような運用の違法性まは法令抵触の可能性に対する認識、および是正の必要性や今後の対応方針について、
どのようにお考えでしょうか。明確なご所見をお示ください。
A. 入会申込書を取得していないのであれば、個人情報の目的外利用となり、違法性が生じると考えます。
5.
PTAの運用に関する教育委員会の是正指導責任について
学校がPTAと一体的に関与し、会費徴収や施設使用を支援している実態を踏まえれば、PTAの違法または不適切な
運用が学校教育の一環認定される可能性があります。地方教育行政法第10条に基づき、教育委員会が是正指導を行う
責任があるとお考えでしょうか。
A. PTA活動が児童‧生徒、保護者、学校をつなぐため不可欠な団体であると認識しており、あまりに学校を指導する
ようになると、PTA活動自体が学校として、面倒なものとなりかねません。学校へ教育委員会が是正指導を行う前に
不当行為を洗い出し、助言する必要があると考えます。
6.
任意加入‧法令遵守が確保されるまでの暫定的措置に関する方針について
PTAが保護者の意思確認を適切に行わず、会員名簿すら把握しないまま会費徴収や施設利用を継続している状態
は、法令違反の懸念が濃です。教育委員会として、是正がなされるまでの間、学校による施設提供や会費徴収への協
力を停止する措置を講じる予定はあります。
A. ありません。"
56,福岡県広川町,福岡県,A,A:照会回答,,【回答】福岡県広川町.pdf,入会意思確認; みなし加入; 会費徴収・委任; 個人情報・名簿; 教職員関与; 学校施設利用; 教委指導・是正,https://ptaorg.com/board-responses/56-fukuoka-hirokawa.html,1579,"Q1. PTAの入会契約の成立要件に関する法的見解について
保護者の明示的な申込み意思表示とPTAの承諾がないまま、学校側が児童の入学をもっ
て一律に「会員」とみなす運用が多くの学校で行われています。このような「みなし入
会」方式について、⺠法第522条および消費者契約法に照らし、契約が成立していると判
断される法的根拠があるか、教育委員会としての見解をお示しください。
→ A.PTAの加入は任意であるということの周知に合わせて、加入の意思を確認すこ
とが適切な手続きだと考えます。
Q2. 学校によるPTA会費の徴収行為が無権代理に該当するかについて
学校がPTAとの間でPTA会費の徴収業務に関する準委任契約を結ばずに、慣例的に児童
名簿等を用いて会費を代行徴収しているケースがあります。学校が正式な代理権を持たず
にPTAの業務を代行している場合、⺠法第113条に基づく無権代理に該当すると考えられ
ますが、教育委員会はこの点をどのように評価していますか。
→ A.学校が会費等の徴収を行う場合、学校とPTAの間で委任契約に準ずるような手
続きが必要だと考えます。
Q3. 入会申込書による保護者および教職員の明確な意思確認の必要性について
PTAが任意加入団体である以上、契約の成立には個別の申込書や同意書による明示的な
加入意思の確認が必要と考えられます。現在多くの学校で申込書を徴収していない状況に
ついて、教育委員会として是正の必要性を認識されていますか。
→ A.加入意思の確認については、是正の必要性があると認識しています。
Q4. 個人情報保護法に基づく児童名簿・連絡個票の利用目的逸脱について
PTAが入会申込書を取得しておらず、申し込んだ保護者・教職員が誰であるかを特定・
管理していない状態で、学校が児童名簿や連絡個票を用いてPTA会費の徴収等を行ってい
る実態が、多くの学校で確認されています。これらの名簿情報は、本来、入学手続きや教
育活動のために学校が収集したものであり、保護者の同意なくPTAという外部団体の金銭
徴収業務に転用することは、個人情報保護法第69条(利用目的の制限)に違反するおそれ
があります。加えて、PTA自身が会員の氏名を把握していない状態で、学校が本人同意な
しに代理徴収的な行為をしていることは、情報主体(保護者)の権利を大きく侵害する状
況であると考えます。貴教育委員会として、このような運用の違法性または法令抵触の可
能性に対する認識、および是正の必要性や今後の対応方針について、どのようにお考えで
しょうか。明確なご所見をお示しください。
→ A.保護者からの同意とともに、会費徴収をするための手続きや個人情報の適切な管
理は必要だと考えます。
Q5. PTAの運用に関する教育委員会の是正指導責任について
学校がPTAと一体的に関与し、会費徴収や施設使用を支援している実態を踏まえれば、
PTAの違法または不適切な運用が学校教育の一環と認定される可能性があります。教育委
員会が是正指導を行う責任があるとお考えでしょうか。
→ A.学校やPTAに対し、情報を共有しながら、法令遵守のうえ適正な運営となるよ
う働きかけていきたいと考えています。
Q 6. 任意加入・法令遵守が確保されるまでの暫定的措置に関する方針について
PTAが保護者の意思確認を適切に行わず、会員名簿すら把握しないまま会費徴収や施設
利用を継続している状態は、法令違反の懸念が濃厚です。教育委員会として、是正がなさ
れるまでの間、学校による施設提供や会費徴収への協力を停止する措置を講じる予定はあ
りますか。
→ A.任意加入・法令遵守ついて、PTAに対し適正な運営となるよう早急に働きかけ
ていきたいと考えています。"
57,福島県三春町,福島県,A,A:照会回答,2025/08/05,【回答】福島県三春町.pdf,入会意思確認; 会費徴収・委任; 個人情報・名簿; 教職員関与; 学校施設利用; 教委指導・是正,https://ptaorg.com/board-responses/57-fukushima-miharu.html,1128,"福島県三春町【回答】PTA入会手続き等の法的見解について
2025年8月5日 14:28
PTA適正化推進委員会
福島県田村郡三春町教育委員会所属の主幹兼指導主事 [氏名省略]と申し
ます。
この度は貴重な情報提供をありがとうございます。標記の件について下
記のとおりご回答いたします。本町での本問題については全国的に見ても
立ち後れている部分が多いのが現状です。
私自身、別の自治体での学校において平成29年度に法的な理解の元、
改善を図った経緯がありました。立場が変わり徐々に浸透させている道半
ばであります。
記
1. PTAの入会契約の成立要件に関する法的見解について
PTA組織は任意団体であり、保護者の明示的な申込みによる意思表示確認
とPTAの承諾により入会契約が成立すると考えます。町内の学校においても
このように明文化が進んでいない学校もあるため、指導中です。
2. 学校によるPTA会費の徴収行為が無権代理に該当するかについて
該当すると考えます。学校がPTAとの間でPTA会費の徴収業務に関する準委
任契約を結び、正式な代理権を持ってPTAを運営すべきと考え、今後も各PT
A団体で是正するよう指導していきます。
3. 入会申込書による保護者および教職員の明確な意思確認の必要性について
PTAが任意加入団体である以上、契約の成立には個別の申込書や同意書によ
る明示的な加入意思の確認が必要だと考えます。現在多くの学校で申込書を徴
収していない状況であるため、町教育委員会として是正の必要性を各団体に伝
え指導しています。
4. 個人情報保護法に基づく児童名簿‧連絡個票の利用目的逸脱について
名簿作成や個人情報の取得については、使用目的を明示し、その使用目的以
外には個人の許可なくその情報を利用できないことを随時指導しております。
学校で使用している名簿等の無断転用がないよう、また、個人情報を適性に管
理し、扱うことなど町教委より指導を徹底していきます。
5. PTAの運用に関する教育委員会の是正指導責任について
会費徴収や施設使用について不適切な運用が無いよう地方教育行政法第10条
に基づき、教育委員会が是正指導を行う責任があると考えております。
6.任意加入‧法令遵守が確保されるまでの暫定的措置に関する方針について
法令違反の状態であると懸念されるうちには教育委員会として、是正がなさ
れるまでの間、学校による施設提供や会費徴収への協力を停止する措置を講じ
る場合もあることを伝え、法的に正しい形でのPTA活動へ是正するよう指導
していきます。
三春町教育委員会 教育課 学校教育グループ
主幹兼指導主事 [氏名省略]"
58,福島県只見町,福島県,A,A:照会回答,令和７年８月２８日,【回答】福島県只見町.pdf,入会意思確認; みなし加入; 会費徴収・委任; 個人情報・名簿; 教職員関与; 学校施設利用; 教委指導・是正,https://ptaorg.com/board-responses/58-fukushima-tadami.html,1351,"7 教 号 外
令和7年8月28日
PTA適正化推進委員会 御中
只見町教育委員会教育長
( 公 印 省 略 )
PTA入会手続き等の法的見解について(回答)
令和7年8月2日(土)に照会依頼がありましたこのことにつきまして、下記の
とおり回答いたします。
記
1 PTAの入会契約の成立要件に関する法的見解について
【回答】入学と同時に保護者の同意なくPTAに自動的に入会したとみなす「みな
し入会」方式について、法的根拠はないと判断します。
2 学校によるPTA会費の徴収行為が無権代理に該当するかについて
【回答】学校がPTAの代理人として保護者から会費を徴収している場合で
、PTAから正式な代理兼の授与がないときには、民法第113条の無権代理行為
に該当する場合があると判断します。ただし、PTAの会費徴収が「契約」ではな
く、あくまで内部規約に基づく任意団体の活動と考えると、実務上は学校が便宜上
の取次ぎや集金補助をしている状態であるとみることもでき、その場合は民法第
113条の適用対象外と判断します。
3 入会申込書による保護者および教職員の明確な意思確認の必要性について
【回答】PTAに加入する際には、保護者・教職員の自由意思に基づいた「入会申
込書」等による明確な意思確認が必要であり、その整備や運用改善は必要と判断し
ます。
4 個人情報保護法に基づく児童名簿・連絡個票の利用目的逸脱について
【回答】学校が、保護者の同意なく児童名簿・連絡個票を利用し代理的にPTA会
費を徴収することは、利用目的逸脱及び第三者提供に該当し、個人情報保護法に違
反する違法性がある行為と判断します。是正の必要性があり、保護者から明示的な
同意を取得する必要があると判断します。今後の対応として、PTA入会申込時に
、個人情報の利用目的として「会費徴収連絡等にしようすること」を明記し、同意
を得ることが考えられます。
5 PTAの運用に関する教育委員会の是正指導責任について
【回答】公立学校の設置者として、市町村教育委員会はPTAのような任意団体に
対して直接的な統制権限は持ちませんが、学校施設の利用やPTA会費徴収のよう
に学校と密接に関わる運用については、適切な指導・助言・是正を行う行政的責任
があると判断します。
6 任意加入・法令遵守が確保されるまでの暫定的措置に関する方針について
【回答】PTAが、任意加入や個人情報の保護等の任意団体としての原則を守らず
、学校や教職員が違法、不適切な活動に関与している場合、学校・教育委員会は施
設提供や会費徴収支援といった協力を一時的に停止し、是正を促す措置を講じるこ
とは、法的に可能かつ正当であると判断します。只見町教育委員会としては、全国
でも有数の豪雪地帯であり、冬季に備える冬囲いや遊具の収納、春季に行う冬囲い
の解除や遊具の設定等の地域性が強い作業が必要です。また、少子化により保護者
の減少によるPTA活動の負担増加等の問題も同時に抱えています。学校教育活動
を円滑に進めるためには保護者及び地域の協力体制が必要不可欠であり、法と人権
の原則に沿った健全な運営体制を整備するよう、学校とPTAに要請をする方針で
す。
以上"
59,福島県国見町,福島県,A,A:照会回答,2025/09/05,【回答】福島県国見町.pdf,入会意思確認; 会費徴収・委任; 個人情報・名簿; 教職員関与; 学校施設利用; 教委指導・是正,https://ptaorg.com/board-responses/59-fukushima-kunimi.html,1296,"PTA入会手続き等に関する照会への回答について
PTA適正化推進委員会
平素より大変お世話になっております。
福島県国見町教育委員会と申します。
先に照会いただきました標題の件について、下記のとおり回答いたします。
2025年9月5日 10:45
1.PTAの入会契約の成立要件に関する法的見解
PTAは任意加入団体であり、保護者の加入は本人の自由意思に基づくべきものであると認識しております。そのた
め、入会にあたっては、明示的な意思表示の確認が望ましいと考えており、現行の運用については各学校を通じて実
態を把握し、必要に応じて改善を促すことを検討いたします。
2.学校によるPTA会費徴収と無権代理該当性について
学校がPTA会費を徴収する場合は、適切な手続きと明確な委任関係の確認が必要と認識しております。現状の契約‧
委任手続きの有無について調査を行い、必要があれば整理‧明文化を進めてまいります。
3.入会申込書等による意思確認の必要性
保護者‧教職員の加入意思を明確に把握することは、契約の適正化やトラブル防止に資するものと考えます。各学校
における申込書運用の状況を確認し、改善が必要と判断される場合は、申込書等による意思確認を推奨いたします。
4.個人情報の利用目的逸脱について
学校が収集した児童名簿や連絡先情報は、本来の教育目的に沿って適切に利用されるべきものであり、目的外利用は
避ける必要があります。PTA会費徴収等に関する個人情報保護法第69条(利用及び提供の制限)の取扱い状況につい
て、関係法令に照らして点検を行い、適正な運用を図るよう指導いたします。
5.教育委員会の是正指導責任について
教育委員会は、地方教育行政の組織及び運営に関する法律に基づき、所轄学校に対する管理‧監督の責務を有してお
ります。PTAの運営が学校教育活動に影響を及ぼす場合は、法令遵守と適正な運営を確保するための助言や指導を行
うことが適切であると考えております。
6.任意加入‧法令遵守が確保されるまでの暫定的措置について
施設利用や会費徴収への協力停止といった措置については、実態調査および関係者との協議を経たうえで、必要性と
妥当性を慎重に検討いたします。現段階では直ちに一律の停止を行う予定はありませんが、改善が求められる事案に
ついては個別に対応を検討します。
当委員会としては、PTAが⻑年にわたり保護者と教職員が協働し、児童生徒の健やかな成⻑や学校教育活動の充実に
寄与してきた重要な役割を高く評価しております。今後もその意義と存在を尊重しつつ、法令遵守と運営の透明性の
確保に向け、学校‧保護者‧地域が協働できる環境づくりを推進してまいります。
本件につきましては、貴委員会からの照会を踏まえ、事実関係の調査および関係法令の確認を行いながら、必要な改
善措置を講じてまいります。今後とも児童生徒の健やかな成⻑と教育環境の充実に向け、保護者‧地域‧学校が連携
できる体制づくりを進めてまいります。
福島県国見町教育委員会 教育総務課
担当 主幹兼総務係⻑ [氏名省略]"
60,福島県富岡町,福島県,C,C:教育長・要望回答,,富岡町.pdf,入会意思確認; 会費徴収・委任; 個人情報・名簿,https://ptaorg.com/board-responses/60-fukushima-tomioka.html,422,"冨岡町教育委員会】 公立学校におけるPTA運営の適正化について (回答)
PTA適正化推進委員会日頃より当町教育行政に対しまして、ご理解とご協力をいただきありがとうございます。
件名につきまして、下記のとおり回答させていただきますので、
ご査収くださいますようお願い申し上げます。
記
1.PTAの任意加入制に関する周知と入会意思確認の徹底当町におきましては、居災後、町に学校を再開してから間もないこともあり、PTAを設立しておりませんので、加入の周知及び意思確認は行っておりません。
2. 学校徴収金とPTA会費の混同回避および公費負担すべき項目の整理
1 の理由により、PTA会費は微収しておりません。
3. 個人情報保護法に基づく適切な名簿提供の運用
1 の理由により、名簿提供は行っておりません。
上記理由によりまして、 現時点におきまして貴委員会様のご要望にありました対応方針につきましては、対応予定はございません。
課長[氏名省略]"
61,福島県須賀川市,福島県,A,A:照会回答,,【回答】須賀川市.pdf,入会意思確認; みなし加入; 会費徴収・委任; 個人情報・名簿; 教職員関与; 学校施設利用; 教委指導・是正,https://ptaorg.com/board-responses/61-fukushima-sukagawa.html,1960,"PTA適正化推進委員会
この度、質問いただいた件について、以下のとおり回答させていただきます。
1. PTAの入会契約の成立要件に関する法的見解について
保護者の明示的な申込み意思表示とPTAの承諾がないまま、学校側が児童
の入学をもって一律に「会員」とみなす運用が多くの学校で行われています
。このような「みなし入会」方式について、民法第522条および消費者契約
法に照らし、契約が成立していると判断される法的根拠があるか、教育委員
会としての見解をお示しください
(回答)
・入会についての法的な根拠はないため、強制的な入会や退会を認めないとい
うような運用はあってはならないと考えます。
2. 学校によるPTA会費の徴収行為が無権代理に該当するかについて
学校がPTAとの間でPTA会費の徴収業務に関する準委任契約を結ばずに、慣
例的に児童名簿等を用いて会費を代行徴収しているケースがあります。学校
が正式な代理権を持たずにPTAの業務を代行している場合、民法第113条に基
づく無権代理に該当すると考えられますが、教育委員会はこの点をどのよう
に評価していますか。
(回答)
・会員の意向に反して会費の徴収を行っている行為は考えにくいですが、加入
についての明確な入会の意思確認や承諾がない場合は無効と考えます。
3. 入会申込書による保護者および教職員の明確な意思確認の必要性について
PTAが任意加入団体である以上、契約の成立には個別の申込書や同意書に
よる明示的な加入意思の確認が必要と考えられます。現在多くの学校で申込
書を徴収していない状況について、教育委員会として是正の必要性を認識さ
れていますか。
(回答)
・入会にあたっては、なんらかの方法による意思確認が必要と考えます。
4. 個人情報保護法に基づく児童名簿・連絡個票の利用目的逸脱について
PTAが入会申込書を取得しておらず、申し込んだ保護者・教職員が誰であ
るかを特定・管理していない状態で、学校が児童名簿や連絡個票を用いて
PTA会費の徴収等を行っている実態が、多くの学校で確認されています。こ
れらの名簿情報は、本来、入学手続きや教育活動のために学校が収集したも
のであり、保護者の同意なくPTAという外部団体の金銭徴収業務に転用する
ことは、個人情報保護法第69条(利用目的の制限)に違反するおそれがあり
ます。加えて、PTA自身が会員の氏名を把握していない状態で、学校が本人
同意なしに代理徴収的な行為をしていることは、情報主体(保護者)の権利
を大きく侵害する状況であると考えます。貴教育委員会として、このような
運用の違法性または法令抵触の可能性に対する認識、および是正の必要性や
今後の対応方針について、どのようにお考えでしょうか。明確なご所見をお
示しください。
(回答)
・会員の同意を得ずに保有する個人情報を提供する行為は、同法に抵触する可
能性があると考えます。
5. PTAの運用に関する教育委員会の是正指導責任について
学校がPTAと一体的に関与し、会費徴収や施設使用を支援している実態を
踏まえれば、PTAの違法または不適切な運用が学校教育の一環と認定される
可能性があります。地方教育行政法に基づき、教育委員会が是正指導を行う
責任があるとお考えでしょうか。
(回答)
・円滑な学校運営や教育行政運営を進めるために、PTAは重要な役割を担う組
織として確立されていると思いますが、不適切な運用があれば是正指導を行う
必要はあると考えます。
6. 任意加入・法令遵守が確保されるまでの暫定的措置に関する方針について
PTAが保護者の意思確認を適切に行わず、会員名簿すら把握しないまま会
費徴収や施設利用を継続している状態は、法令違反の懸念が濃厚です。教育
委員会として、是正がなされるまでの間、学校による施設提供や会費徴収へ
の協力を停止する措置を講じる予定はあります。
(回答)
・明確に法令違反であることが立証されるまでは、協力を停止する措置を講じ
ることは考えていません。
7. PTAは社会教育関係団体であり、学校とは別団体であると認識しておりま
す。一方で現場では、学校がPTA入会勧誘の支援、会費徴収の代行、会計管
理等に関与している事例も見受けられます。これらが業務時間内に行われる
場合、公務か、または職務専念義務の免除(職専免)かが問題となり得ます
。つきましては、貴委員会管轄内での取扱いについて該当するものに
[cid:ii_mjoq8w651]をお願いいたします。
(回答)
・□ 1. 関与は全くない
以上のとおりとなります、よろしくお願いいたします。
須賀川市教育委員会 学校教育課"
62,茨城県利根町,茨城県,A,A:照会回答,,【回答】茨城県利根町.pdf,入会意思確認; 会費徴収・委任; 個人情報・名簿; 教職員関与; 学校施設利用; 教委指導・是正,https://ptaorg.com/board-responses/62-ibaraki-tone.html,902,"PTA 適正推進委員会
いつもお世話になっております。
「PTA 入会手続き等の法的見解について」回答させていただきます。
回答様式がセキュリティの関係上ダウンロードができなかったため、この様式で回答
いたします。よろしくお願いいたします。
照会事項(全 6 項目)
1. PTA の入会契約の成立要件に関する法的見解について
→ PTA の入会に関しましては、学校から PTA の入会について説明をし、書面等
による保護者の意思表示を確認し、PTA の承諾によって入会契約が成立するも
のと考えております。
2. 学校による PTA 会費の徴収行為が無権代理に該当するかについて
→学校が正式な代理権を持たずに PTA の業務を代行している場合は無権代理に
該当すると考えております。学校が PTA と PTA 会費の徴収業務の準委任契約
を結び、正式な代理権を持って PTA の業務を代行するものと考えております。
3. 入会申込書による保護者および教職員の明確な意思確認の必要性について
→契約の成立には、申込書や同意書等の加入意思の確認が必要と考えております。
申込書や同意書の徴収していない場合は、是正の必要性を伝え、指導、助言を
行っていきたいと考えております。
4. 個人情報保護法に基づく児童名簿・連絡個票の利用目的逸脱について
→学校が正式な代理権を持たずに、保護者の同意なく児童生徒の名簿等の個人情
報を PTA で使用することは適切ではないと考えております。個人情報を適切
に管理するように指導、助言を行っていきたいと考えております。
5. PTA の運用に関する教育委員会の是正指導責任について
→学校が会費徴収や施設試用について、不適切な運用をしている場合は、是正指
導をする必要があると考えております。
6. 任意加入・法令遵守が確保されるまでの暫定的措置に関する方針について
→法令違反が懸念されるときは、学校による施設提供や会費徴収への協力を停止
する措置を講ずることもあることを伝え、指導、助言を行っていきたいと考え
ております。
利根町教育委員会
指導課 [氏名省略]"
63,茨城県阿見市,茨城県,A,A:照会回答,2025/09/16,【回答】茨城県阿見市.pdf,入会意思確認; 会費徴収・委任; 個人情報・名簿; 教職員関与; 学校施設利用; 教委指導・是正,https://ptaorg.com/board-responses/63-ibaraki-ami.html,1989,"【茨城県阿見町】PTA入会手続き等の法的見解について(ご回
答)
2025年9月16日
11:25
PTA適正化推進委員会
平素より大変お世話になります。
今般お問い合わせをいただきました標題内容について、下記のとおりご回答いたしま
す。
お時間を要してしまい申し訳ございませんでした。
1.PTAの入会契約の成立要件に関する法的見解について
(質問内容)
保護者の明示的な申込み意思表示とPTAの承諾がないまま、学校側が児童の入学をも
って一律に「会員」とみなす運用が多くの学校で行われています。このような「みな
し入会」方式について、⺠法第522条および消費者契約法に照らし、契約が成立して
いると判断される法的根拠があるか、教育委員会としての見解をお示しください。
(回答)
保護者の明示的な申込み意思表示とPTAの承諾がないまま、学校側が児童の入学をも
って一律に「会員」とみなす運用に、契約成立の法的根拠はないと考えます。
2.学校によるPTA会費の徴収行為が無権代理に該当するかについて
(質問内容)
学校がPTAとの間でPTA会費の徴収業務に関する準委任契約を結ばずに、慣例的に児
童名簿等を用いて会費を代行徴収しているケースがあります。学校が正式な代理権を
持たずにPTAの業務を代行している場合、⺠法第113条に基づく無権代理に該当する
と考えられますが、教育委員会はこの点をどのように評価していますか。
(回答)
学校がPTAとの間でPTA会費の徴収業務に関する準委任契約を結ばずに、慣例的に児
童名簿等を用いて会費を代行徴収している場合は、無権代理に該当すると考えます。
3.入会申込書による保護者および教職員の明確な意思確認の必要性について
(質問内容)
PTAが任意加入団体である以上、契約の成立には個別の申込書や同意書による明示的
な加入意思の確認が必要と考えられます。現在多くの学校で申込書を徴収していない
状況について、教育委員会として是正の必要性を認識されていますか。
(回答)
個別の申込書や同意書による明示的な加入意思の確認は必要と考えます。申込書を徴
収していない状況であれば是正は必要と考えます。
4.個人情報保護法に基づく児童名簿‧連絡個票の利用目的逸脱について
(質問内容)
PTAが入会申込書を取得しておらず、申し込んだ保護者‧教職員が誰であるかを特
定‧管理していない状態で、学校が児童名簿や連絡個票を用いてPTA会費の徴収等を
行っている実態が、多くの学校で確認されています。これらの名簿情報は、本来、入
学手続きや教育活動のために学校が収集したものであり、保護者の同意なくPTAとい
う外部団体の金銭徴収業務に転用することは、個人情報保護法第69条(利用目的の制
限)に違反するおそれがあります。加えて、PTA自身が会員の氏名を把握していない
状態で、学校が本人同意なしに代理徴収的な行為をしていることは、情報主体(保護
者)の権利を大きく侵害する状況であると考えます。貴教育委員会として、このよう
な運用の違法性または法令抵触の可能性に対する認識、および是正の
必要性や今後の対応方針について、どのようにお考えでしょうか。明確なご所見をお
示しください。
(回答)
個人の同意なく学校が児童名簿や連絡個票を用いて代理徴収的な行為をした場合は、
個人情報保護法違反として法令抵触の恐れがあると考えます。名簿作成や個人情報の
取得については使用目的を明示し、当該目的以外には許可なく利用できないこと等、
法令順守の指導を徹底します。
5.PTAの運用に関する教育委員会の是正指導責任について
(質問内容)
学校がPTAと一体的に関与し、会費徴収や施設使用を支援している実態を踏まえれ
ば、PTAの違法または不適切な運用が学校教育の一環と認定される可能性がありま
す。地方教育行政法に基づき、教育委員会が是正指導を行う責任があるとお考えでし
ょうか。
(回答)
会費徴収や施設使用について不適切な運用がないよう、教育委員会は是正指導を行う
責任があると考えます。
6.任意加入‧法令遵守が確保されるまでの暫定的措置に関する方針について
(質問内容)
PTAが保護者の意思確認を適切に行わず、会員名簿すら把握しないまま会費徴収や施
設利用を継続している状態は、法令違反の懸念が濃厚です。教育委員会として、是正
がなされるまでの間、学校による施設提供や会費徴収への協力を停止する措置を講じ
る予定はありますか。
(回答)
法令違反が懸念される場合は、教育委員会として是正がなされるまでの間、学校によ
る施設提供や会費徴収への協力を停止する措置を講じる場合もあることを伝え、是正
するよう指導していきます。
阿見町教育委員会学校教育課"
64,長崎県小値賀町,長崎県,A,A:照会回答,2025/09/04,【回答】長崎県小値賀町.pdf,入会意思確認; みなし加入; 会費徴収・委任; 個人情報・名簿; 教職員関与; 学校施設利用; 教委指導・是正,https://ptaorg.com/board-responses/64-nagasaki-ojika.html,3234,"Re: Fw: 【照会】PTA入会手続き等の法的見解について照会事項6点
PTA適正化推進委員会 御中
下記のとおり回答いたします。
2025年8月12日 17:56
1. PTAの入会契約の成立要件に関する法的見解について
保護者の明示的な申込み意思表示とPTAの承諾がないまま、学校側が児童の入学をもって一律に「会員」とみなす
運用が多くの学校で行われています。このような「みなし入会」方式について、⺠法第522条および消費者契約法に
照らし、契約が成立していると判断される法的根拠があるか、教育委員会としての見解をお示しください。
→ 町内の小中学校のPTAでは、入学説明会の折にPTA会⻑が新入学生の保護者に対して活動の説明をしている
が、任意団体であること、入会の同意については確認しておらず、⺠法522条における契約成立の法的根拠とはなっ
ていないと認識しています。
また、ご指摘のとおり消費者庁の見解ではPTAへの入会は消費者契約法上の消費契約にあたる可能性があるとされて
いますので、こちらも現在の取り扱いは、契約成立の法的根拠とはなっていないと認識しました。
2. 学校によるPTA会費の徴収行為が無権代理に該当するかについて
学校がPTAとの間でPTA会費の徴収業務に関する準委任契約を結ばずに、慣例的に児童名簿等を用いて会費を代行
徴収しているケースがあります。学校が正式な代理権を持たずにPTAの業務を代行している場合、⺠法第113条に基
づく無権代理に該当すると考えられますが、教育委員会はこの点をどのように評価していますか。
→ 町内の小中学校のPTAでは、教員以外のPTA役員が徴収を実施しており、学校による徴収業務は実施されてお
りません。
なお、町教育委員会の評価としては、照会文にありますとおり、PTAは保護者と教職員が組織している団体で
あり、教職員も保護者と同じPTA会員であると認識しています。その観点から考えると、学校で徴収に関わっている
教職員がPTA役員である場合は、⺠法第113条における無権代理には該当しないのではないかと思慮します。
3. 入会申込書による保護者および教職員の明確な意思確認の必要性について
PTAが任意加入団体である以上、契約の成立には個別の申込書や同意書による明示的な加入意思の確認が必要と考
えられます。現在多くの学校で申込書を徴収していない状況について、教育委員会として是正の必要性を認識されて
いますか。
→ 本調査において、是正の必要性を認識いたしました。町内の小中学校のPTAにおいても、PTAへの加入に際し
て申込書の徴収を行っていない状況です。⺠法第522条第2項に規定しているとおり、契約については、必ずしも書面
を作成する必要はありませんが、不要な諍いを避けるためにも、書面で明示することについて必要と認識しましたの
で、是正の必要性について情報提供してまいります。
4. 個人情報保護法に基づく児童名簿‧連絡個票の利用目的逸脱について
PTAが入会申込書を取得しておらず、申し込んだ保護者‧教職員が誰であるかを特定‧管理していない状態で、学
校が児童名簿や連絡個票を用いてPTA会費の徴収等を行っている実態が、多くの学校で確認されています。これらの
名簿情報は、本来、入学手続きや教育活動のために学校が収集したものであり、保護者の同意なくPTAという外部団
体の金銭徴収業務に転用することは、個人情報保護法第69条(利用目的の制限)に違反するおそれがあります。加え
て、PTA自身が会員の氏名を把握していない状態で、学校が本人同意なしに代理徴収的な行為をしていることは、情
報主体(保護者)の権利を大きく侵害する状況であると考えます。貴教育委員会として、このような運用の違法性ま
たは法令抵触の可能性に対する認識、および是正の必要性や今後の対応方針について、どのようにお考えでしょう
か。明確なご所見をお示しください。
→ 町内の小中学校PTAでも、入会申込書を取得していないため、学校の保有する児童名簿をもって確認していま
す。PTA自体は貴会のメール本文にあるとおり「PTAは、教職員の役員参加、学校施設の恒常的利用、学校職員によ
る会費徴収など、学校教育活動と実質上一体化」している団体ではありますが、その入会について明確な意思表示が
なされていない状況において、本人の同意なく利用されることは個人情報保護法に違反する恐れがあると理解しま
す。今後は、先の回答でも述べているとおり今後は入会の意思確認を書面で行う必要性があることを情報提供いたし
ますので、PTAが自ら取得した情報を使用して会費の徴収等の活動が行われることになるかと思います。
5. PTAの運用に関する教育委員会の是正指導責任について
学校がPTAと一体的に関与し、会費徴収や施設使用を支援している実態を踏まえれば、PTAの違法または不適切な
運用が学校教育の一環と認定される可能性があります。地方教育行政法第10条に基づき、教育委員会が是正指導を行
う責任があるとお考えでしょうか。
→ 当然ながら、PTAと学校は別組織であり、PTAが違法または不適切な運用を行っていたとして、そのことが学
校教育の一環として認定されることは、承服しかねる部分かと思います。
また、PTAは公益社団法人日本PTA全国協議会も明言しているとおり社会教育関係団体ですので、教育委員会として
PTAに対し指導助言を出来る根拠法令は、社会教育法第11条によると考えており、その条文にあるとおり求めに応じ
てとなるため、今回のご指摘に対して教育委員会としては、PTAに対して情報提供を行い、PTAからの求めがあれば
指導助言を行うことになると考えています。
6. 任意加入‧法令遵守が確保されるまでの暫定的措置に関する方針について
PTAが保護者の意思確認を適切に行わず、会員名簿すら把握しないまま会費徴収や施設利用を継続している状態
は、法令違反の懸念が濃厚です。教育委員会として、是正がなされるまでの間、学校による施設提供や会費徴収への
協力を停止する措置を講じる予定はありますか。
→ 先の回答のとおり、入会時の意思確認については是正が必要と認識しておりますが、会費徴収については教員
以外のPTA役員が実施しております。PTAに対しては会員‧保護者への本件の説明を真摯に行うことの必要性につい
て情報提供いたしますが、会費徴収については既に終了しており、現時点で会員‧保護者からの苦情なども無いた
め、特段の措置を講じる予定はありません。
5.求められる対応
教育委員会におかれましては、地方教育行政法第10条の規定に基づき、以下の対応をご検討いただきたく存じます:
* PTAが任意加入団体であることを明確に周知すること
→PTAに対し保護者に明確に説明する必要性があることについて情報提供します。
* 明示的な入会申込書の導入を学校に徹底させること
→PTAに対し入会申込書などのような意思確認の書類の導入の必要性について情報提供します。
* 個人情報の適正な利用に関する運用見直しの指導
→PTAに対し入会申込書などのような意思確認の書類の導入の必要性を情報提供する際に個人情報保護法について
も説明いたします。
* 無権代理行為の是正と、委任契約の明文化指導
→教員以外のPTA役員が徴収しているため、対応予定はありません。
* PTAの法令違反が解消されるまでの施設利用や協力体制の見直し
→特段の措置を講じる予定はありません。
★☆★☆★☆★☆★☆★☆★☆★☆★☆★☆★☆★☆★☆★
小値賀町教育委員会
教育生涯学習班⻑兼社会教育係⻑ [氏名省略]
★☆★☆★☆★☆★☆★☆★☆★☆★☆★☆★☆★☆★☆★"
65,長崎県雲仙市,長崎県,A,A:照会回答,,【回答】長崎県雲仙市.pdf,入会意思確認; 会費徴収・委任; 個人情報・名簿; 教職員関与; 教委指導・是正,https://ptaorg.com/board-responses/65-nagasaki-unzen.html,668,"⻑崎県雲仙市
1.PTA入会契約の成立要件に関する法的見解について
・消費者庁逐条解説の第2条で消費者契約法に「その他の団体」としてPTA
は事業者となり保護者は消費者となると記述されており、PTAは保護者に十
分な説明をせず行った契約や、保護者が契約せざるを得ない状況下における契
約は不当であり、取り消しできるとされている。
2.学校におけるPTA会費の徴収行為が無権代理に該当するかについて
・PTA会費の徴収など、PTAに関する業務の一部を学校に委任する場合
は、業務委託契約(準委任契約)を作成し、PTAから学校への委任内容を明
確にする必要がある。
3.入会申込書による保護者及び教職員の明確な意思確認の必要性について
・設問1にて回答しているとおり必要な情報を十分に説明する必要がある。
4.個人情報保護法に基づく児童名簿‧連絡個票の利用目的逸脱について
・取得している個人情報を、特定した利用目的の範囲外のことに利用する場合
は、あらかじめ本人の同意が必要となる。
5.PTAの運用に関する教育委員会の是正指導責任について
・PTAは社会教育に関する事業を行うことを主たる目的する「社会教育関係
団体」であるので、社会教育法第11条の規定により教育委員会は専門技術
的指導または助言を与えることができるものと解する。
6.任意加入‧法令順守が確保されるまでの暫定的措置に関する方針について
・設問5で回答したように、教育委員会は社会教育関係団体であるPTAに対
し、関係法令を遵守するよう求めに応じ指導または助言を行う。"
66,長野県安曇野市,長野県,A,A:照会回答,,【回答】安曇野市.pdf,入会意思確認; 会費徴収・委任; 個人情報・名簿; 教職員関与; 教委指導・是正,https://ptaorg.com/board-responses/66-nagano-azumino.html,902,"「PTA 入会手続き等の法的見解について照会事項6点」について(回答)
安曇野市教育委員会
質問1:PTA の入会契約の成立要件に関する法的見解について
回答:黙示の意思表示と評価できる事情がない限り、ご指摘の方式では契約が成立している
と判断できないと考えます。なお、市教育委員会は、PTA が任意加入の団体であること
に鑑み、入会には明示的な意思表示が必要であるとする取扱いが妥当と考えています。
質問2:学校による PTA 会費の徴収行為が無権代理に該当するかについて
回答: PTA の各会員が他の要件を満たしている場合は、その会員との関係においては、無
権代理が成立することもあり得ると考えます。
質問3:入会申込書による保護者および教職員の明確な意思確認の必要性について
回答:市教育委員会は、明示の意思表示に基づき入会とする取扱いが妥当であり、申込書等
の書面を徴するのが望ましいと考えております。このことは、機会を捉えて学校に周知し
ております。
質問4: 個人情報保護法に基づく児童名簿・連絡個票の利用目的逸脱について
回答:学校と PTA は別の団体であり、一方が他方の個人情報を利用する場合には、同法の
定める手続に沿う必要があると考えます。仮にこのような手続を経ずに個人情報を利用
している事例があるとすれば、個人情報保護法等に抵触するおそれがあると考えます。な
お、市教育委員会では、PTA に関する場合に限らず、学校の有する個人情報を個人情報
保護法及び本市の条例・関連規則に照らして、適正に管理するよう指導しています。
質問5:PTA の運用に関する教育委員会の是正指導責任について
回答:PTA は市教育委員会や学校とは別の任意の団体と捉えています。しかし、活動内容
をふまえ、お互いに状況を確認し合いながら、よりよい方向を探っていくという意味で、
側面的な支援を行っています。
質問6:任意加入・法令遵守が確保されるまでの暫定的措置に関する方針について
回答:ご指摘のような状況を把握していません。市教育委員会は、PTA の会費徴収につい
て特段の協力をしておりません。"
67,長野県木祖村,長野県,A,A:照会回答,2025/09/04,【回答】長野県木祖村.pdf,入会意思確認; 会費徴収・委任; 個人情報・名簿; 教職員関与; 教委指導・是正,https://ptaorg.com/board-responses/67-nagano-kiso.html,656,"【回答】PTA入会手続き等の法的見解について
PTA適正化推進委員会
2025年8月6日 13:32
この度、質問いただいた件について、以下のとおり回答させていただきます。
1.PTAの入会契約の成立要件に関する法的見解について
‧法的な根拠はないため強制的な入会や、退会を認めないというような運用はあってはならないと考えます。
2.学校によるPTA会費の徴収行為が無権代理に該当するかについて
‧PTAの意向に反し、会費の徴収を行っているケースは考えにくいですが、加入についての明確な入会の意思確認ま
たは、保護者の承諾がない場合は無効と考えます。
3.入会申込書による保護者および教職員の明確な意思確認の必要性について
‧入会にあたっては、なんらかの方法による意思確認が必要と考えます。
4.個人情報保護法に基づく児童名簿‧連絡個票の利用目的逸脱について
‧保護者の同意がなく保有する個人情報を提供する行為は、同法に抵触する可能性は高いと考えます。
5.PTAの運用に関する教育委員会の是正指導責任について
‧円滑な教育行政運営を進めるために、PTAは重要な役割を担う組織として確立されていると思いますが、不適切な
運用があれば是正指導を行う必要はあると考えます。
6.任意加入‧法令遵守が確保されるまでの暫定的措置に関する方針について
‧明確に法令違反であることが立証されるまでは、協力を停止する措置を講じることは考えていません。
以上のとおりとなります、よろしくお願いいたします。
木祖村教育委員会事務局"
68,長野県茅野市,長野県,A,A:照会回答,,【回答】長野県茅野市.pdf,入会意思確認; みなし加入; 会費徴収・委任; 個人情報・名簿; 教職員関与; 学校施設利用; 教委指導・是正,https://ptaorg.com/board-responses/68-nagano-chino.html,2239,"先日ご質問いただいた件について、以下のとおり回答します。
回答をお待たせしまして、誠に申し訳ございません。
1 PTA の入会契約の成立要件に関する法的見解について
保護者の明示的な申込み意思表示と PTA の承諾がないまま、学校側が児童の入学
をもって一律に「会員」とみなす運用が多くの学校で行われています。このような「みなし
入会」方式について、民法第 522 条および消費者契約法に照らし、契約が成立している
と判断される法的根拠があるか、教育委員会としての見解をお示しください。
【回答】
PTA は任意加入の団体であり、入会においては、学校児童の保護者の自由意思に
基づくものと思います。そのため、「みなし入会」は、民法 522 条における保護者の入会
の意思がない場合は、成立しないと想定されます。
2 学校による PTA 会費の徴収行為が無権代理に該当するかについて
学校が PTA との間で PTA 会費の徴収業務に関する準委任契約を結ばずに、慣例
的に児童名簿等を用いて会費を代行徴収しているケースがあります。学校が正式な代理
権を持たずに PTA の業務を代行している場合、民法第 113 条に基づく無権代理に該
当すると考えられますが、教育委員会はこの点をどのように評価していますか。
【回答】
学校と PTA の両者で、明確な委任関係がないとするならば、学校が PTA 会費を徴収
する事は、無権代理に該当すると想定されます。そのような場合は、是正する必要がある
と考えます。
3 入会申込書による保護者および教職員の明確な意思確認の必要性について
PTA が任意加入団体である以上、契約の成立には個別の申込書や同意書による明
示的な加入意思の確認が必要と考えられます。現在多くの学校で申込書を徴収していな
い状況について、教育委員会として是正の必要性を認識されていますか。
【回答】
PTA が任意加入団体であることを踏まえ、申込書を徴収する必要性に関しても、教育
的観点から是正が求められる状態と捉えております。
4 個人情報保護法に基づく児童名簿·連絡個票の利用目的逸脱について
PTA が入会申込書を取得しておらず、申し込んだ保護者·教職員が誰であるかを特
定・管理していない状態で、学校が児童名簿や連絡個票を用いて PTA 会費の做収等を
行っている実態が、多くの学校で確認されています。これらの名簿情報は、本来、入学手
続きや教育活動のために学校が収集したものであり、保護者の同意なく PTA という外部
団体の金銭徴収業務に転用することは、個人情報保譏法第 69 条(利用目的の制限)に
違反するおそれがあります。加えて、PTA 自身が会員の氏名を把握していない状態で、
学校が本人同意なしに代理徴収的な行為をしていることは、情報主体(保譏者)の権利を
大きく侵害する状況であると考えます。貴教育委員会として、このような運用の違法性ま
たは法令抵触の可能性に対する認識、および是正の必要性や今後の対応方針につい
て、どのようにお考えでしょうか。明確なご所見をお示しください。
【回答】
法令に基づく場合を除き、学校が保有・取得している個人情報を、利用目的の範囲外
のことに利用する場合、また、個人情報を本人以外の第三者に提供する場合、あらかじ
め本人(保護者)の同意が必要であり、学校においては、個人情報の取扱いについて、十
分に配慮したうえで対応しなければいけないと考えます。
また、PTA への入会の意思確認は、各 PTA の実態に合わせ、各 PTA において方法
を検討されるものと考えます。
5 PTA の運用に関する教育委貝会の是正指導責任について
学校が PTA と一体的に関与し、会費徴収や施設使用を支援している実態を踏まえれ
ば、PTA の違法または不適切な運用が学校教育の一環と認定される可能性があります。
地方教育行政法第 23 条に基づき、教育委員会が是正指導を行う責任があるとお考えで
しょうか。
【回答】
PTA は、本来、保護者と教職員が一体となって、協力し合い、教育を支える自発的な
組織であります。
PTA 自体は任意団体であり、地域などの自発的な組織と考えられるため、一般的に教
育委員会の所管対象外と思われますが、その信頼性と法的安定性を保つためには、教
育委員会による法令遵守の観点からの是正指導も大切だと考えます。教育委員会は、
PTA の自律的な活動を尊重しつつも、必要に応じて運用の適正化に向けた指導を行っ
てまいりたいと考えております。
6 任意加入・法令遵守が確保されるまでの暫定的措置に関する方針について
PTA が保護者の意思確認を適切に行わず、会員名簿すら把握しないまま会費徴収や
施設利用を継続している状態は、法令違反の懸念が濃厚です。教育委員会として、是正
がなされるまでの間、学校による施設提供や会費徴収への協力を停止する措置を講じる
予定はありますか。
【回答】
PTA 活動が適正に行われることは学校運営上重要であると認識しています。PTA が
保護者の意思確認を行わないことや会員名簿の管理も不十分なまま会費徴収や施設利
用を継続している状況が確認された場合には、個別の状況を確認の上、必要に応じて適
切な対応を検討していきます。
茅野市教育委員会 学校教育課 [氏名省略]"
69,青森県横浜町,青森県,A,A:照会回答,,【回答】青森県横浜町.pdf,入会意思確認; 会費徴収・委任; 個人情報・名簿; 教委指導・是正,https://ptaorg.com/board-responses/69-aomori-yokohama.html,552,"1 について小・中 1 校ずつしかない小規模自治体です。
教育委員会としてとのととについての具体的指示は出していませんが、 学校では、小学校入学時に保護者に対して PTA 加入承諾書を提出していただき、以降中学校卒業時まで加入承諾書はとっていません。これまでPTA 加入についての拒舎事案はありませんが、もしゃ入会拒否という意思表示があれば理由等を確認の上、保護者の思いを踏まえた対応をするととにしています。
2 について学校一任です。 PTA 加入承諾をもゃって PTA 会費の徴収が行わてんており、これまで特に問題はありません。
3 について小学校入学時の PTA 加入承諾書提出が意思確認と受け止めています。
4 について児童名簿や個人革は 「個人情報]」 であり、 学校においてその他の個人情報に類するものと同様に厳正な取り扱いを指示しています。各校もそのことは十分理解しています。
5 について他の業務同様に、 校務上不適切な運用と判断すれば、 監督権のある当然教育委員会として是正指導の対象とします。
6 について現状においてその予定はありませんが、この件が法令直反であるとする公式見解が監叔官庁から発出された場合には、教育委員会として適切な対応をします。
7 について関与が全くありません。"
70,静岡県静岡市,静岡県,A,A:照会回答,,【回答】静岡市.pdf,入会意思確認; みなし加入; 会費徴収・委任; 個人情報・名簿; 教職員関与; 学校施設利用; 教委指導・是正,https://ptaorg.com/board-responses/70-shizuoka-shizuoka.html,1892,"静岡市回答
御担当者様
2026年3月4日 10:38
お世話になります。静岡市教育委員会学校教育課です。
お問い合わせの件につきまして回答させていただきます。回答が大変遅くなり誠
に申し訳ございません。
よろしくお願いいたします。
1 PTAの入会契約の成立要件に関する法的見解について
保護者の明示的な申込み意思表示とPTAの承諾がないまま、学校側が児童の入学
をもって一律に「会員」とみなす運用が多くの学校で行われています。このよう
な「みなし入会」方式について、⺠法第522条および消費者契約法に照らし、契
約が成立していると判断される法的根拠があるか、教育委員会としての見解をお
示しください。
【回答】
PTAは入退会自由を前提とした運営が必要であり、入会申込書などによる意思確
認の必要があると考えています。
2 学校によるPTA会費の徴収行為が無権代理に該当するかについて
学校がPTAとの間でPTA会費の徴収業務に関する準委任契約を結ばずに、慣例的に
児童名簿等を用いて会費を代行徴収しているケースがあります。学校が正式な代
理権を持たずにPTAの業務を代行している場合、⺠法第113条に基づく無権代理に
該当すると考えられますが、教育委員会はこの点をどのように評価していますか。
【回答】
学校がPTA会費と学校徴収金を合わせて徴収する場合、PTA会費の徴収について
PTAから委託を受けて行う必要があると認識しています。
3 入会申込書による保護者および教職員の明確な意思確認の必要性について
PTAが任意加入団体である以上、契約の成立には個別の申込書や同意書による明
示的な加入意思の確認が必要と考えられます。現在多くの学校で申込書を徴収し
ていない状況について、教育委員会として是正の必要性を認識されていますか。
【回答】
上述したように、入会申込書などによる意思確認の必要があると考えています。
4 個人情報保護法に基づく児童名簿‧連絡個票の利用目的逸脱について
PTAが入会申込書を取得しておらず、申し込んだ保護者‧教職員が誰であるかを
特定‧管理していない状態で、学校が児童名簿や連絡個票を用いてPTA会費の徴
収等を行っている実態が、多くの学校で確認されています。これらの名簿情報は、
本来、入学手続きや教育活動のために学校が収集したものであり、保護者の同意
なくPTAという外部団体の金銭徴収業務に転用することは、個人情報保護法第69
条(利用目的の制限)に違反するおそれがあります。加えて、PTA自身が会員の氏
名を把握していない状態で、学校が本人同意なしに代理徴収的な行為をしている
ことは、情報主体(保護者)の権利を大きく侵害する状況であると考えます。貴教
育委員会として、このような運用の違法性または法令抵触の可能性に対する認識、
および是正の必要性や今後の対応方針について、どのようにお考えでしょうか。
明確なご所見をお示しください。
【回答】
学校が収集した個人情報を、保護者の同意なしにPTAに提供することは違法にな
るおそれがあると認識しています。
5 PTAの運用に関する教育委員会の是正指導責任について
学校がPTAと一体的に関与し、会費徴収や施設使用を支援している実態を踏まえ
れば、PTAの違法または不適切な運用が学校教育の一環と認定される可能性があ
ります。地方教育行政法第10条に基づき、教育委員会が是正指導を行う責任があ
るとお考えでしょうか。
【回答】
PTAの活動が違法あるいは不適切な運用とならないように、静岡市PTA連絡協議会
と連携をとって、必要に応じて静岡市PTA連絡協議会から各単位PTAへ情報提供を
しています。場合によっては、学校に対して市教委から助言することも考えられ
ます。
6 任意加入‧法令遵守が確保されるまでの暫定的措置に関する方針について
PTAが保護者の意思確認を適切に行わず、会員名簿すら把握しないまま会費徴収
や施設利用を継続している状態は、法令違反の懸念が濃厚です。教育委員会とし
て、是正がなされるまでの間、学校による施設提供や会費徴収への協力を停止す
る措置を講じる予定はありますか。
【回答】
令和6年に静岡市PTA連絡協議会が作成し、単位PTA会⻑及び学校と市教委が共有
した「静岡市PTA運営の手引き」に基づくPTAの運営を進めているため、措置を講
じることは予定していません。なお、同手引きにおいて設問1から4までの内容
について適正な運営を行うよう記載されています。"
71,高知県いの町,高知県,A,A:照会回答,,【回答】高知県いの町.pdf,入会意思確認; みなし加入; 会費徴収・委任; 個人情報・名簿; 教職員関与; 学校施設利用; 教委指導・是正,https://ptaorg.com/board-responses/71-kochi-ino.html,2377,"1.PTA の入会契約の成立要件に関する法的見解について
保護者の明示的な申込み意思表示と PTA の承諾がないまま、学校側が児童の入学
をもって一律に「会員」とみなす運用が多くの学校で行われています。このような
「みなし入会」方式について、民法第 522 条および消費者契約法に照らし、契約が
成立していると判断される法的根拠があるか、教育委員会としての見解をお示しく
ださい。
→PTA の加入は任意であるため、加入については、民法第 522 条の規定に照らして、
当事者間の意思の合致が必要であり、また消費者契約法の観点からも、契約の成立
や効力については、保護者の意思表示の有無、契約内容の明確性が必要と考えます。
意思の合致については、PTA 活動が長年にわたり地域社会と連携して行われてき
た背景や、保護者の理解と協力のもとで成り立っているという実情もございますが、
入会契約の成立要件としては、書面をもって明確な加入の意思を確認する必要があ
ると考えます。
2.学校による PTA 会費の徴収行為が無権代理に該当するかについて
学校が PTA との間で PTA 会費の徴収業務に関する準委任契約を結ばずに、慣例的
に児童名簿等を用いて会費を代行徴収しているケースがあります。学校が正式な代
理権を持たずに PTA の業務を代行している場合、民法第 113 条に基づく無権代理に
該当すると考えられますが、教育委員会はこの点をどのように評価していますか。
→民法第 113 条に定める無権代理の該当判断について、学校と PTA との間に明確な
契約関係が存在するか否か、また学校と PTA 相互の認識がどうなっているか等をし
っかり確認したうえで評価する必要があると考えます。
3.入会申込書による保護者および教職員の明確な意思確認の必要性について
PTA が任意加入団体である以上、契約の成立には個別の申込書や同意書による明
示的な加入意思の確認が必要と考えられます。現在多くの学校で申込書を徴収して
いない状況について、教育委員会として是正の必要性を認識されていますか。
→ご指摘のとおり PTA は任意加入の団体であり、加入に際しては本人の意思が尊重
されるべきであるとの認識です。
その意思の確認方法については、申込書・同意書に限らず、口頭での確認や説明
資料の配布など、様々な形態が取られている場合もあると承知しております。
ただ、上記「1.」でも回答したとおり、書面で明確な意思表示を確認するのこと
が必要であると考えます。
4.個人情報保護法に基づく児童名簿・連絡個票の利用目的逸脱について
PTA が入会申込書を取得しておらず、申し込んだ保護者・教職員が誰であるかを
特定・管理していない状態で、学校が児童名簿や連絡個票を用いて PTA 会費の徴収
等を行っている実態が、多くの学校で確認されています。これらの名簿情報は、本
来、入学手続きや教育活動のために学校が収集したものであり、保護者の同意なく
PTA という外部団体の金銭徴収業務に転用することは、個人情報保護法第 69 条(利
用目的の制限)に違反するおそれがあります。加えて、PTA 自身が会員の氏名を把
握していない状態で、学校が本人同意なしに代理徴収的な行為をしていることは、
情報主体(保護者)の権利を大きく侵害する状況であると考えます。貴教育委員会
として、このような運用の違法性または法令抵触の可能性に対する認識、および是
正の必要性や今後の対応方針について、どのようにお考えでしょうか。明確なご所
見をお示しください。
→個人情報保護法第 69 条における「利用目的の制限」に関しては、情報の取得時
に示された目的の範囲内での利用が原則とされていますので、保護者の意向を尊重
し、情報の取り扱いに関する説明や同意の取得といった対応が必要であると考えま
す。
この回答内容を踏まえ、学校に対し必要な指導をしていく必要があると考えてい
ます。
5.PTA の運用に関する教育委員会の是正指導責任について
学校が PTA と一体的に関与し、会費徴収や施設使用を支援している実態を踏まえ
れば、PTA の違法または不適切な運用が学校教育の一環と認定される可能性があり
ます。地方教育行政法第 10 条に基づき、教育委員会が是正指導を行う責任があると
お考えでしょうか。
→いの町教育委員会といたしましては、これまでの見解を踏まえ、学校に対して必
要に応じ適切な対応を取るよう適宜指導していく責任があると考えます。
6.任意加入・法令遵守が確保されるまでの暫定的措置に関する方針について
PTA が保護者の意思確認を適切に行わず、会員名簿すら把握しないまま会費徴収
や施設利用を継続している状態は、法令違反の懸念が濃厚です。教育委員会として、
是正がなされるまでの間、学校による施設提供や会費徴収への協力を停止する措置
を講じる予定はありますか。
→PTA が任意加入団体であることや、個人情報の適正な管理、保護者の意思確認の
重要性については、教育委員会としても十分に認識しており、各学校においても丁
寧な説明と合意形成が図られることが望ましいと考えております。
施設提供や会費徴収への協力については、学校と PTA との連携の中で、保護者の
理解と協力のもとで、書面をもって適切に行われることが基本であり、仮に運営上
の課題がある場合には、関係者間での対話や協議を通じて改善が図られることが望
ましいと認識しております。
なお、暫定的措置の有無や具体的な対応については、個別の状況に応じて慎重に
検討されるべき事案であり、今後、検討すべき事項と考えています。"
72,鹿児島県鹿児島市,鹿児島県,A,A:照会回答,2025/09/04,【回答】鹿児島県鹿児島市.pdf,入会意思確認; みなし加入; 会費徴収・委任; 個人情報・名簿; 教職員関与; 学校施設利用; 教委指導・是正,https://ptaorg.com/board-responses/72-kagoshima-kagoshima.html,534,"【照会】PTA入会手続き等の法的見解について照会事項」への回答について
2025年8月29日 12:11
PTA適正化推進委員会
日頃から本市教育行政に対しご理解ご協力を賜り感謝申し上げます。
さて、先般お問い合わせいただきました
「PTA入会手続き等の法的見解について照会事項」につきまして、
次のとおり回答いたします。
PTAは、社会教育関係団体であり、その組織‧運営‧活動に関しては、
それぞれの団体が主体的に判断するものであると考えております。
鹿児島市教育委員会からの学校に対する指導としましては、
市小‧中‧高等学校校⻑研修会や教頭研修会において
‧ PTAは任意の団体であり、入退会は保護者の自由であることを周知すること。
‧ PTA会費の徴収に関しては、PTA会⻑と校⻑による事務委任(準委任契約)を毎年行うこと。
‧ 個人情報の取り扱いについては、個人情報を集める‧保管する時のルール、個人情報の第三者に提
供する時のルールについて、具体例を示して確認する。
などについて指導をしているところです。
※ 鹿児島市PTA連合会からの要請により、
同内容を市P連主催のPTA会⻑研修会や理事会において指導‧助言しております。
鹿児島市教育委員会生涯学習課"
